File ID	File Name	Data Category	Data Type	Project ID	Case ID	Sample ID	Sample Type
a36c99ec-753c-4859-9082-b077434a3f23	efee1a58-1e28-43d2-92bf-37f8b9107312.rna_seq.augmented_star_gene_counts.tsv	Transcriptome Profiling	Gene Expression Quantification	TCGA-ESCA	TCGA-IG-A97I	TCGA-IG-A97I-01A	Primary Tumor
c7985505-df33-4c0e-98bb-188003ea701f	6c975753-106b-45bb-bf7d-146740004db1.rna_seq.augmented_star_gene_counts.tsv	Transcriptome Profiling	Gene Expression Quantification	TCGA-ESCA	TCGA-IC-A6RE	TCGA-IC-A6RE-01A	Primary Tumor
590af49d-2e1d-4cad-ab8c-9abe3c7558b0	40ac3474-e908-43db-861b-98e9bfb61739.rna_seq.augmented_star_gene_counts.tsv	Transcriptome Profiling	Gene Expression Quantification	TCGA-ESCA	TCGA-IG-A3I8	TCGA-IG-A3I8-01A	Primary Tumor
98e7190a-4d3a-4fdb-a021-c482f87e65f2	da658a99-8972-473e-9754-9712be0b1b25.rna_seq.augmented_star_gene_counts.tsv	Transcriptome Profiling	Gene Expression Quantification	TCGA-ESCA	TCGA-R6-A6XQ	TCGA-R6-A6XQ-01B	Primary Tumor
dee51224-652b-4656-902c-f1b18bed8aa1	52c2c5f4-4395-4764-bf22-9fa84bf2f5c2.rna_seq.augmented_star_gene_counts.tsv	Transcriptome Profiling	Gene Expression Quantification	TCGA-ESCA	TCGA-L5-A8NT	TCGA-L5-A8NT-01A	Primary Tumor
3da6be11-66bd-437b-9ce6-87e63beedbec	20f5e7d5-0faf-47f6-9e7c-ecef50a58288.rna_seq.augmented_star_gene_counts.tsv	Transcriptome Profiling	Gene Expression Quantification	TCGA-ESCA	TCGA-R6-A6KZ	TCGA-R6-A6KZ-01A	Primary Tumor
a1a6d1dd-a1c6-4c5c-b54d-42de80680bc3	dc857517-6b3d-4008-85a4-a2b35efb1e7a.rna_seq.augmented_star_gene_counts.tsv	Transcriptome Profiling	Gene Expression Quantification	TCGA-BRCA	TCGA-5L-AAT0	TCGA-5L-AAT0-01A	Primary Tumor
0ed77a2e-a2c9-4557-8ba3-2c8bade9b792	5842a066-d158-474e-a4db-034f5797d865.rna_seq.augmented_star_gene_counts.tsv	Transcriptome Profiling	Gene Expression Quantification	TCGA-BRCA	TCGA-A2-A04U	TCGA-A2-A04U-01A	Primary Tumor
1ace2a0c-773d-45b5-8fd6-968c88731bbb	c33ecc28-d5ba-4416-b93d-445b7883b6e8.rna_seq.augmented_star_gene_counts.tsv	Transcriptome Profiling	Gene Expression Quantification	TCGA-BRCA	TCGA-AN-A04A	TCGA-AN-A04A-01A	Primary Tumor
50c7c034-fccb-4eb1-b8db-e0a5d9e50172	d820ac02-a30e-437b-b20a-3e92705b7b81.rna_seq.augmented_star_gene_counts.tsv	Transcriptome Profiling	Gene Expression Quantification	TCGA-BRCA	TCGA-A7-A13D	TCGA-A7-A13D-01A	Primary Tumor
9415696a-44d9-477f-aba3-0a30ded48778	3c3c4741-8eda-46fe-8d36-2cd683f4a987.rna_seq.augmented_star_gene_counts.tsv	Transcriptome Profiling	Gene Expression Quantification	TCGA-BRCA	TCGA-BH-A201	TCGA-BH-A201-01A	Primary Tumor
3c2a763c-0f57-4879-842c-674ca5c001c2	44c5f875-a78e-45f0-b60b-c86d68ce6ae2.rna_seq.augmented_star_gene_counts.tsv	Transcriptome Profiling	Gene Expression Quantification	TCGA-CESC	TCGA-VS-A8Q8	TCGA-VS-A8Q8-01A	Primary Tumor
f0882f2a-8cb7-4a5a-9a75-ed17babc9322	17b4c8c9-ff68-43cd-af95-eba0d20c1f5f.rna_seq.augmented_star_gene_counts.tsv	Transcriptome Profiling	Gene Expression Quantification	TCGA-CESC	TCGA-IR-A3LI	TCGA-IR-A3LI-01A	Primary Tumor
d08be593-a7c8-4c98-9c72-d5ca5c09b478	791bec90-6f3e-43af-9892-4291e356eb10.rna_seq.augmented_star_gene_counts.tsv	Transcriptome Profiling	Gene Expression Quantification	TCGA-CESC	TCGA-FU-A3TQ	TCGA-FU-A3TQ-01A	Primary Tumor
666b9fe9-861b-495f-8df0-085eea717985	d01941dc-c222-49bc-8be9-11a405e48c6a.rna_seq.augmented_star_gene_counts.tsv	Transcriptome Profiling	Gene Expression Quantification	TCGA-CESC	TCGA-VS-A9V4	TCGA-VS-A9V4-01A	Primary Tumor
5ffda6da-15d6-471b-8529-809a8b3fceb7	18491da8-9cc9-4983-8afd-123105d81e03.rna_seq.augmented_star_gene_counts.tsv	Transcriptome Profiling	Gene Expression Quantification	TCGA-CESC	TCGA-DR-A0ZM	TCGA-DR-A0ZM-01A	Primary Tumor
deff76a1-2751-4ef4-b2ed-66d579ed08cf	a9f6fbc2-d9b6-4272-82eb-665705d69ffd.rna_seq.augmented_star_gene_counts.tsv	Transcriptome Profiling	Gene Expression Quantification	TCGA-CESC	TCGA-VS-A8EI	TCGA-VS-A8EI-01A	Primary Tumor
c7931f34-6744-42a5-8012-3b3ab7f5339c	39585364-6f4c-4b42-843f-ddca80061eb3.rna_seq.augmented_star_gene_counts.tsv	Transcriptome Profiling	Gene Expression Quantification	TCGA-CESC	TCGA-EA-A410	TCGA-EA-A410-01A	Primary Tumor
01b92eaa-fefc-476d-ae40-ecd3b8181e42	d0e0f248-d070-41c3-8172-aa6063422ecd.rna_seq.augmented_star_gene_counts.tsv	Transcriptome Profiling	Gene Expression Quantification	TCGA-CESC	TCGA-VS-A9UJ	TCGA-VS-A9UJ-01A	Primary Tumor
0ff314c9-c063-4057-92be-7e3ef9917c1f	82b84bdd-4978-4858-9594-1f511a053771.rna_seq.augmented_star_gene_counts.tsv	Transcriptome Profiling	Gene Expression Quantification	TCGA-CESC	TCGA-C5-A1BJ	TCGA-C5-A1BJ-01A	Primary Tumor
10b16fba-8387-4c0d-a787-5c07bd235843	922087f0-f47f-4f91-aa30-c23b5afcce31.rna_seq.augmented_star_gene_counts.tsv	Transcriptome Profiling	Gene Expression Quantification	TCGA-CESC	TCGA-EA-A411	TCGA-EA-A411-01A	Primary Tumor
a09e2659-22f7-44af-a919-4b32ec863fb7	51a1c9f7-ce64-4e72-a1e8-64d1be808a77.rna_seq.augmented_star_gene_counts.tsv	Transcriptome Profiling	Gene Expression Quantification	TCGA-CESC	TCGA-EA-A78R	TCGA-EA-A78R-01A	Primary Tumor
dcf0174e-a94b-4bb7-9fcc-f9b224a5ce0b	f9ba2e2b-4d2b-4653-9270-fc99eaf2f37c.rna_seq.augmented_star_gene_counts.tsv	Transcriptome Profiling	Gene Expression Quantification	TCGA-CESC	TCGA-C5-A1M6	TCGA-C5-A1M6-01A	Primary Tumor
036c61d2-78a5-40fa-b0c3-1892affa379d	5b73ee15-ef19-423e-b576-6488ac16eb0c.rna_seq.augmented_star_gene_counts.tsv	Transcriptome Profiling	Gene Expression Quantification	TCGA-CESC	TCGA-VS-A9U5	TCGA-VS-A9U5-01A	Primary Tumor
0d78f236-aa98-4841-8ab7-b8613a504516	f7afc2db-ce98-4501-9756-cb4e48cc9f10.rna_seq.augmented_star_gene_counts.tsv	Transcriptome Profiling	Gene Expression Quantification	TCGA-CESC	TCGA-C5-A1MI	TCGA-C5-A1MI-01A	Primary Tumor
8c954ffd-7f1a-4b77-85fa-b8721eb05f8b	35e5936c-9722-4a49-9bb3-5c244bd10b13.rna_seq.augmented_star_gene_counts.tsv	Transcriptome Profiling	Gene Expression Quantification	TCGA-CESC	TCGA-C5-A2M1	TCGA-C5-A2M1-01A	Primary Tumor
e726baa8-2647-4457-ba55-eace8cee3a5f	bea72e1c-de06-48ec-8e34-bd8bbf05a9ec.rna_seq.augmented_star_gene_counts.tsv	Transcriptome Profiling	Gene Expression Quantification	TCGA-CESC	TCGA-C5-A8XK	TCGA-C5-A8XK-01A	Primary Tumor
8f0623d1-c21b-4669-9e3d-0a925e728733	62747279-612a-46c8-88db-60efed611f16.rna_seq.augmented_star_gene_counts.tsv	Transcriptome Profiling	Gene Expression Quantification	TCGA-CESC	TCGA-C5-A1BI	TCGA-C5-A1BI-01B	Primary Tumor
a1b31026-2dd3-4705-b0a1-f6acc84396a0	ec90d508-4c7f-4741-b8bd-6ef9dbff27e7.rna_seq.augmented_star_gene_counts.tsv	Transcriptome Profiling	Gene Expression Quantification	TCGA-CESC	TCGA-EA-A1QT	TCGA-EA-A1QT-01A	Primary Tumor
3f612a01-f338-4b62-a47d-e4cd76090a23	374d16d2-73e2-45ad-aaaf-e7aee1197126.rna_seq.augmented_star_gene_counts.tsv	Transcriptome Profiling	Gene Expression Quantification	TCGA-CESC	TCGA-VS-A958	TCGA-VS-A958-01A	Primary Tumor
e267ed77-4c8c-4e81-840a-d722bcfed788	d0f8273b-d232-43b1-91d3-c28b8dd43a72.rna_seq.augmented_star_gene_counts.tsv	Transcriptome Profiling	Gene Expression Quantification	TCGA-CESC	TCGA-EA-A4BA	TCGA-EA-A4BA-01A	Primary Tumor
92504fe3-2529-4849-96cc-ce9303ca3e6b	76171fe0-c056-431a-bbaa-9f1cc7f78fac.rna_seq.augmented_star_gene_counts.tsv	Transcriptome Profiling	Gene Expression Quantification	TCGA-CESC	TCGA-C5-A1M9	TCGA-C5-A1M9-01A	Primary Tumor
023e0879-97cd-40c8-8d65-0d870808b1b1	dfadeb52-c6b5-432f-99bd-a71acaac39e7.rna_seq.augmented_star_gene_counts.tsv	Transcriptome Profiling	Gene Expression Quantification	TCGA-CESC	TCGA-EK-A2IR	TCGA-EK-A2IR-01A	Primary Tumor
375cb74d-1a6e-4c28-9918-3c32403605da	d1c86b8e-664a-40c0-b411-2b0e7b8f32ac.rna_seq.augmented_star_gene_counts.tsv	Transcriptome Profiling	Gene Expression Quantification	TCGA-CESC	TCGA-C5-A1ME	TCGA-C5-A1ME-01A	Primary Tumor
ef8ed1e1-7d71-4eab-90fe-d08421497cd6	e8cc844b-28c6-4fe8-8505-679a81afcffc.rna_seq.augmented_star_gene_counts.tsv	Transcriptome Profiling	Gene Expression Quantification	TCGA-CESC	TCGA-VS-A9V1	TCGA-VS-A9V1-01A	Primary Tumor
41b80942-819c-49a9-8c01-2e804383f794	7437468e-a9c8-4cec-956f-860b25455c1f.rna_seq.augmented_star_gene_counts.tsv	Transcriptome Profiling	Gene Expression Quantification	TCGA-CESC	TCGA-VS-A9UR	TCGA-VS-A9UR-01A	Primary Tumor
df275ebc-48ed-48b8-a46f-30326cea3a58	af032dc7-51da-46c9-98af-733695b1ddf3.rna_seq.augmented_star_gene_counts.tsv	Transcriptome Profiling	Gene Expression Quantification	TCGA-CESC	TCGA-VS-A9UT	TCGA-VS-A9UT-01A	Primary Tumor
4fabd708-c3dd-4acc-8b6a-26557741bb6c	9c907e36-3f15-446f-b08a-0ecda33c5cc1.rna_seq.augmented_star_gene_counts.tsv	Transcriptome Profiling	Gene Expression Quantification	TCGA-CESC	TCGA-ZJ-AAXD	TCGA-ZJ-AAXD-01A	Primary Tumor
47254c42-77f0-4e52-b93a-60d421349b3c	1a72ff71-1c79-4ced-8e8d-f4e311c58efe.rna_seq.augmented_star_gene_counts.tsv	Transcriptome Profiling	Gene Expression Quantification	TCGA-CESC	TCGA-FU-A3EO	TCGA-FU-A3EO-01A	Primary Tumor
1f97ef15-61e1-40b7-86a3-ee5b18286905	293691f0-ce2c-4977-9e32-d96a2a5f2fc6.rna_seq.augmented_star_gene_counts.tsv	Transcriptome Profiling	Gene Expression Quantification	TCGA-CESC	TCGA-DS-A1O9	TCGA-DS-A1O9-01A	Primary Tumor
a425bb3e-5207-4545-87cb-08a767fff8a1	7ca9bdb8-add3-4641-aa66-f0c2f16dfb64.rna_seq.augmented_star_gene_counts.tsv	Transcriptome Profiling	Gene Expression Quantification	TCGA-CESC	TCGA-Q1-A73S	TCGA-Q1-A73S-01A	Primary Tumor
8583fa2b-2a63-444d-9dbf-caff84ba40a6	8a85eecd-ce5f-40bb-a95a-534abbdc99c5.rna_seq.augmented_star_gene_counts.tsv	Transcriptome Profiling	Gene Expression Quantification	TCGA-CESC	TCGA-JW-A5VK	TCGA-JW-A5VK-01A	Primary Tumor
97ec238d-88b4-4e12-9b04-dce8498b41b0	73fd6d31-0bd7-41db-8981-1d399e7a12d5.rna_seq.augmented_star_gene_counts.tsv	Transcriptome Profiling	Gene Expression Quantification	TCGA-CESC	TCGA-ZJ-AAX8	TCGA-ZJ-AAX8-01A	Primary Tumor
16b7508c-e33b-4c79-82f7-148736027150	fee6f89e-813f-452b-9c04-48fede0ef6fd.rna_seq.augmented_star_gene_counts.tsv	Transcriptome Profiling	Gene Expression Quantification	TCGA-CESC	TCGA-C5-A905	TCGA-C5-A905-01A	Primary Tumor
41216940-5c07-4025-add6-9ba845e87909	664ab536-b2a9-4262-95e2-709103bf9534.rna_seq.augmented_star_gene_counts.tsv	Transcriptome Profiling	Gene Expression Quantification	TCGA-CESC	TCGA-VS-A9UV	TCGA-VS-A9UV-01A	Primary Tumor
c8844800-f7cc-4d32-a7c9-9095bdaf9c32	2c7e58ed-0853-480f-a2d0-5aa6ee94b639.rna_seq.augmented_star_gene_counts.tsv	Transcriptome Profiling	Gene Expression Quantification	TCGA-CESC	TCGA-MY-A913	TCGA-MY-A913-01A	Primary Tumor
98be97ab-dc02-4566-8055-ba2e295d7eeb	d09f31a2-752d-4241-a3bc-4faa2ca85d8a.rna_seq.augmented_star_gene_counts.tsv	Transcriptome Profiling	Gene Expression Quantification	TCGA-CESC	TCGA-C5-A7UI	TCGA-C5-A7UI-01A	Primary Tumor
33bcfac2-da3b-4345-9184-097dcc5b115c	8406dd78-4357-4837-be0d-a4982b5ef157.rna_seq.augmented_star_gene_counts.tsv	Transcriptome Profiling	Gene Expression Quantification	TCGA-CESC	TCGA-VS-A8QH	TCGA-VS-A8QH-01A	Primary Tumor
6c63e461-a0c9-4b7c-9dba-91ccd7a52116	13681013-029b-49d8-a42a-2e914d4bf610.rna_seq.augmented_star_gene_counts.tsv	Transcriptome Profiling	Gene Expression Quantification	TCGA-CESC	TCGA-VS-A957	TCGA-VS-A957-01A	Primary Tumor
d8af3627-5eb7-4656-8152-7488bc2c83de	df984661-23c4-4aab-bc46-c79ee677bbe3.rna_seq.augmented_star_gene_counts.tsv	Transcriptome Profiling	Gene Expression Quantification	TCGA-CESC	TCGA-MY-A5BD	TCGA-MY-A5BD-01A	Primary Tumor
49a5993e-2878-45ea-bdcd-c746d2abfce5	15a570d6-635f-4e37-9204-7c5a3c604e65.rna_seq.augmented_star_gene_counts.tsv	Transcriptome Profiling	Gene Expression Quantification	TCGA-CESC	TCGA-C5-A907	TCGA-C5-A907-01A	Primary Tumor
fb87474d-caa9-4ec2-96ba-4ea9d44d115f	ba8d0266-8e93-4ce3-9a24-0188ec829ce3.rna_seq.augmented_star_gene_counts.tsv	Transcriptome Profiling	Gene Expression Quantification	TCGA-CESC	TCGA-EA-A44S	TCGA-EA-A44S-01A	Primary Tumor
9061ba27-abbc-46ab-b785-f7e3d8740cfa	20e72530-f9cc-44d6-81f9-bb7c49f1f7e4.rna_seq.augmented_star_gene_counts.tsv	Transcriptome Profiling	Gene Expression Quantification	TCGA-CESC	TCGA-EK-A3GK	TCGA-EK-A3GK-01A	Primary Tumor
4d15a2c6-a958-4496-baa2-575acd3ac402	623cdf95-e7ed-4a7a-9af8-54aef17a2475.rna_seq.augmented_star_gene_counts.tsv	Transcriptome Profiling	Gene Expression Quantification	TCGA-CESC	TCGA-FU-A2QG	TCGA-FU-A2QG-01A	Primary Tumor
9394076a-cc15-4269-817a-2fd1c91e3c8c	3d21ca63-5295-4ed3-8e2d-7fd93193090a.rna_seq.augmented_star_gene_counts.tsv	Transcriptome Profiling	Gene Expression Quantification	TCGA-CESC	TCGA-Q1-A73O	TCGA-Q1-A73O-01A	Primary Tumor
d3206077-ffc4-4f93-b7d9-8a1652178232	7cec3da4-00ff-412d-aff2-676839872124.rna_seq.augmented_star_gene_counts.tsv	Transcriptome Profiling	Gene Expression Quantification	TCGA-CESC	TCGA-EK-A2R7	TCGA-EK-A2R7-01A	Primary Tumor
c36b4e92-fd9e-4a36-a56c-fc0b292f9210	bb0fc611-813e-4b9f-a014-2107117302d6.rna_seq.augmented_star_gene_counts.tsv	Transcriptome Profiling	Gene Expression Quantification	TCGA-CESC	TCGA-LP-A4AU	TCGA-LP-A4AU-01A	Primary Tumor
69cf186a-3006-4d3d-a8b1-70b402da0a65	6c45da2d-3b63-41a5-861f-f14040f03686.rna_seq.augmented_star_gene_counts.tsv	Transcriptome Profiling	Gene Expression Quantification	TCGA-CESC	TCGA-ZJ-AAXU	TCGA-ZJ-AAXU-01A	Primary Tumor
3f237865-cbba-4be3-9c08-c37fa12771cd	5f75e4e9-89f0-49e4-9349-44f9a33ff7cd.rna_seq.augmented_star_gene_counts.tsv	Transcriptome Profiling	Gene Expression Quantification	TCGA-CESC	TCGA-C5-A8YQ	TCGA-C5-A8YQ-01A	Primary Tumor
170d112d-c64e-4325-9397-a8f942faac6d	f30b81aa-a8e9-4bcd-9dae-a02ea90f33e8.rna_seq.augmented_star_gene_counts.tsv	Transcriptome Profiling	Gene Expression Quantification	TCGA-CESC	TCGA-C5-A2LY	TCGA-C5-A2LY-01A	Primary Tumor
b3ac604f-f7e3-4349-b08d-c90e04c9a0fb	c766524b-c372-49bb-b82d-c48790f82323.rna_seq.augmented_star_gene_counts.tsv	Transcriptome Profiling	Gene Expression Quantification	TCGA-CESC	TCGA-EK-A3GJ	TCGA-EK-A3GJ-01A	Primary Tumor
c1c7ecf9-55b8-4f6c-ae9b-b176ef304cf9	a000eaa7-3dd5-45c0-9e28-17cda7144f2c.rna_seq.augmented_star_gene_counts.tsv	Transcriptome Profiling	Gene Expression Quantification	TCGA-CESC	TCGA-C5-A7XC	TCGA-C5-A7XC-01A	Primary Tumor
2e1f60b8-b3de-478f-a6c2-543907c8e18b	48852575-9f44-420b-9ce2-919d97905a0b.rna_seq.augmented_star_gene_counts.tsv	Transcriptome Profiling	Gene Expression Quantification	TCGA-CESC	TCGA-C5-A1BQ	TCGA-C5-A1BQ-01C	Primary Tumor
4e20c639-a91c-4acc-a293-6fd7f5e51f3b	d76dffe0-6762-4ae0-a89e-b25deb47a2f4.rna_seq.augmented_star_gene_counts.tsv	Transcriptome Profiling	Gene Expression Quantification	TCGA-CESC	TCGA-IR-A3LB	TCGA-IR-A3LB-01A	Primary Tumor
7cc593e0-16f0-4258-97b9-20999c1b9b9c	910d2cfd-71fd-4ebe-be5f-d15579db6efc.rna_seq.augmented_star_gene_counts.tsv	Transcriptome Profiling	Gene Expression Quantification	TCGA-CESC	TCGA-C5-A1M7	TCGA-C5-A1M7-01A	Primary Tumor
37e5523e-6126-4402-83f7-279eba9574c5	d942811c-b976-4faa-81c5-2475fe50751d.rna_seq.augmented_star_gene_counts.tsv	Transcriptome Profiling	Gene Expression Quantification	TCGA-CESC	TCGA-LP-A4AV	TCGA-LP-A4AV-01A	Primary Tumor
bc9564d3-a0f8-4315-a6c3-cfaaa02babf6	02d8ff03-2fe1-4988-9586-47726d53a6a5.rna_seq.augmented_star_gene_counts.tsv	Transcriptome Profiling	Gene Expression Quantification	TCGA-CESC	TCGA-IR-A3LH	TCGA-IR-A3LH-01A	Primary Tumor
73d8259f-f94a-4381-8cd1-c8ea6586b942	8678f216-bace-4923-bfa6-6e64bce2ddc3.rna_seq.augmented_star_gene_counts.tsv	Transcriptome Profiling	Gene Expression Quantification	TCGA-CESC	TCGA-JW-A5VJ	TCGA-JW-A5VJ-01A	Primary Tumor
fa4d7bf7-cc9a-4b12-839e-8967769c1582	adb70248-8c0e-4d90-b0bd-e4fef3b86e95.rna_seq.augmented_star_gene_counts.tsv	Transcriptome Profiling	Gene Expression Quantification	TCGA-CESC	TCGA-C5-A7CJ	TCGA-C5-A7CJ-01A	Primary Tumor
99a28804-dba8-4cae-a214-a9d7582f4e57	fe1143fd-17c3-4653-b033-98df694f6f73.rna_seq.augmented_star_gene_counts.tsv	Transcriptome Profiling	Gene Expression Quantification	TCGA-CESC	TCGA-EX-A3L1	TCGA-EX-A3L1-01A	Primary Tumor
832c6f5b-6283-46da-8226-ca5eb9a7742a	d854b2c4-3122-4769-8116-51c99fa163cb.rna_seq.augmented_star_gene_counts.tsv	Transcriptome Profiling	Gene Expression Quantification	TCGA-CESC	TCGA-MY-A5BE	TCGA-MY-A5BE-01A	Primary Tumor
5ccef484-52b3-44f4-858f-dd59c7da342f	2a45b3c1-23d9-48b2-9cb1-b3647b7da8ea.rna_seq.augmented_star_gene_counts.tsv	Transcriptome Profiling	Gene Expression Quantification	TCGA-UCS	TCGA-N5-A4RJ	TCGA-N5-A4RJ-01A	Primary Tumor
41130016-b816-435d-bded-a69164e9fb73	68cc72cd-0cea-4a49-ab8d-e85ca08837a2.rna_seq.augmented_star_gene_counts.tsv	Transcriptome Profiling	Gene Expression Quantification	TCGA-UCS	TCGA-NF-A4X2	TCGA-NF-A4X2-01A	Primary Tumor
a05c1e30-f492-4394-a1cb-d202b2cef2aa	fd7cbb0f-b984-43e6-81a7-dab8bb259209.rna_seq.augmented_star_gene_counts.tsv	Transcriptome Profiling	Gene Expression Quantification	TCGA-UCS	TCGA-N5-A4RA	TCGA-N5-A4RA-01A	Primary Tumor
3ae94e2b-1249-4600-8a80-f81f98d3787f	6c931a0e-6526-42fe-8c5d-fb16de0d8a85.rna_seq.augmented_star_gene_counts.tsv	Transcriptome Profiling	Gene Expression Quantification	TCGA-UCS	TCGA-NA-A4QW	TCGA-NA-A4QW-01A	Primary Tumor
efce70e8-1431-4005-9dac-cf6cced091f7	82eb84ad-379b-4ae9-b7b3-de3e57d76a84.rna_seq.augmented_star_gene_counts.tsv	Transcriptome Profiling	Gene Expression Quantification	TCGA-UCS	TCGA-NA-A5I1	TCGA-NA-A5I1-01A	Primary Tumor
620d8364-7892-4239-a03f-400355f23db6	dcb5ed9e-5824-43ec-bc90-87be444530f6.rna_seq.augmented_star_gene_counts.tsv	Transcriptome Profiling	Gene Expression Quantification	TCGA-UCS	TCGA-N5-A4RS	TCGA-N5-A4RS-01A	Primary Tumor
6b94ea5d-006c-4113-807d-93dd53d6ac55	a83e4d9d-a35a-4a36-9d26-681b781ce506.rna_seq.augmented_star_gene_counts.tsv	Transcriptome Profiling	Gene Expression Quantification	TCGA-UCS	TCGA-NG-A4VU	TCGA-NG-A4VU-01A	Primary Tumor
8c564c42-42cd-49e8-bf42-e95ea1bdb5be	85fce7ca-4dfe-4eca-ab8b-1156fbedb772.rna_seq.augmented_star_gene_counts.tsv	Transcriptome Profiling	Gene Expression Quantification	TCGA-UCS	TCGA-N6-A4VF	TCGA-N6-A4VF-01A	Primary Tumor
c186d925-6b25-4bed-8e92-3ff2c6dde31d	e7b0c827-8812-4cb0-aac0-f5856d2d7300.rna_seq.augmented_star_gene_counts.tsv	Transcriptome Profiling	Gene Expression Quantification	TCGA-UCS	TCGA-N6-A4VG	TCGA-N6-A4VG-01A	Primary Tumor
d12b7faa-09c7-4c0e-ad41-4631f7747d24	663ba494-c262-4419-b63d-f99a3e01eb5b.rna_seq.augmented_star_gene_counts.tsv	Transcriptome Profiling	Gene Expression Quantification	TCGA-UCS	TCGA-N5-A4RF	TCGA-N5-A4RF-01A	Primary Tumor
5ceaf07f-74e9-4105-aa72-0f7ef32931dd	74a4fa61-7edb-41e3-a911-16816ac92fae.rna_seq.augmented_star_gene_counts.tsv	Transcriptome Profiling	Gene Expression Quantification	TCGA-UCS	TCGA-NF-A4WU	TCGA-NF-A4WU-01A	Primary Tumor
b0eb6fbe-ad4c-4dbb-a0a5-3fedf0966aba	91695a22-b2fe-4323-9307-380f2c00bac5.rna_seq.augmented_star_gene_counts.tsv	Transcriptome Profiling	Gene Expression Quantification	TCGA-UCS	TCGA-N5-A4RD	TCGA-N5-A4RD-01A	Primary Tumor
88c53ec7-916e-4ee5-a23c-52c616b015aa	021e9e16-833a-4b1b-a0f9-c8b80a14ecff.rna_seq.augmented_star_gene_counts.tsv	Transcriptome Profiling	Gene Expression Quantification	TCGA-UCS	TCGA-NF-A5CP	TCGA-NF-A5CP-01A	Primary Tumor
e523c375-f64a-4904-af5c-3da6d2d4f59a	d48466f5-2fbe-455a-9e19-2277f71983d5.rna_seq.augmented_star_gene_counts.tsv	Transcriptome Profiling	Gene Expression Quantification	TCGA-UVM	TCGA-V4-A9EV	TCGA-V4-A9EV-01A	Primary Tumor
1d970f75-011a-4fc6-a151-1ad62e016c35	0c792398-8789-4708-bc3a-73b0bde80175.rna_seq.augmented_star_gene_counts.tsv	Transcriptome Profiling	Gene Expression Quantification	TCGA-UVM	TCGA-YZ-A983	TCGA-YZ-A983-01A	Primary Tumor
d79c97d7-9fcd-4631-9051-a219bf2495c7	130f6905-2d83-425a-950f-50bd8a0cc42e.rna_seq.augmented_star_gene_counts.tsv	Transcriptome Profiling	Gene Expression Quantification	TCGA-UVM	TCGA-V4-A9ET	TCGA-V4-A9ET-01A	Primary Tumor
a7ff797b-4601-47a3-8909-20c23b4ecc60	e7f27690-8071-4923-bc18-35eba10113a9.rna_seq.augmented_star_gene_counts.tsv	Transcriptome Profiling	Gene Expression Quantification	TCGA-UVM	TCGA-V4-A9F7	TCGA-V4-A9F7-01A	Primary Tumor
d148f481-a38c-481e-b0c0-cdad04cbf3ba	304d1c41-8a4b-4068-ab27-8cea5a065e80.rna_seq.augmented_star_gene_counts.tsv	Transcriptome Profiling	Gene Expression Quantification	TCGA-UVM	TCGA-VD-A8KH	TCGA-VD-A8KH-01A	Primary Tumor
7b0ba77b-5af5-4529-995a-18ef231c0b41	74e2edb8-5d55-48b2-a24d-2d76db8a04bd.rna_seq.augmented_star_gene_counts.tsv	Transcriptome Profiling	Gene Expression Quantification	TCGA-UVM	TCGA-V4-A9EH	TCGA-V4-A9EH-01A	Primary Tumor
b42616c7-d6dc-49aa-9c5e-17f7ab1e2b99	34f43fb5-ca59-4455-ae07-f987bdb9a8e0.rna_seq.augmented_star_gene_counts.tsv	Transcriptome Profiling	Gene Expression Quantification	TCGA-UVM	TCGA-WC-A881	TCGA-WC-A881-01A	Primary Tumor
3ebf5ee0-d140-4a74-bc20-51a7ee98cd2e	f9862bd4-4530-4ba9-b940-658d39907222.rna_seq.augmented_star_gene_counts.tsv	Transcriptome Profiling	Gene Expression Quantification	TCGA-UVM	TCGA-YZ-A984	TCGA-YZ-A984-01A	Primary Tumor
d681e616-e248-47b9-a966-6e5132c3c818	37d341cf-24de-4af2-9a2b-ee801c416ec8.rna_seq.augmented_star_gene_counts.tsv	Transcriptome Profiling	Gene Expression Quantification	TCGA-UVM	TCGA-VD-A8KI	TCGA-VD-A8KI-01A	Primary Tumor
37b6b698-b9d0-4efd-b8fa-410803ff43f7	d12f92f8-960c-4969-adec-fa55ce64fbee.rna_seq.augmented_star_gene_counts.tsv	Transcriptome Profiling	Gene Expression Quantification	TCGA-UVM	TCGA-V4-A9E5	TCGA-V4-A9E5-01A	Primary Tumor
4222f092-b07a-42a9-8f97-c89545790942	e1ac88db-c63b-405a-bf22-0c02eab7ecff.rna_seq.augmented_star_gene_counts.tsv	Transcriptome Profiling	Gene Expression Quantification	TCGA-UVM	TCGA-WC-A888	TCGA-WC-A888-01A	Primary Tumor
b9c29a6a-5d54-46c1-a92b-beb8d0d3ea15	3e391ede-f7b1-46ef-ae6e-24cfed805095.rna_seq.augmented_star_gene_counts.tsv	Transcriptome Profiling	Gene Expression Quantification	TCGA-UVM	TCGA-VD-A8KM	TCGA-VD-A8KM-01A	Primary Tumor
276aeda4-33d9-45c4-abe5-734da78a78ea	ddc9ddb7-8686-4cd7-8f81-71ff37c8203e.rna_seq.augmented_star_gene_counts.tsv	Transcriptome Profiling	Gene Expression Quantification	TCGA-UVM	TCGA-V4-A9EZ	TCGA-V4-A9EZ-01A	Primary Tumor
beb0cc9b-4bfd-40e2-85d0-c7f80924aa44	00922fb6-95ec-458b-9f4e-9811cbb643eb.rna_seq.augmented_star_gene_counts.tsv	Transcriptome Profiling	Gene Expression Quantification	TCGA-UVM	TCGA-WC-A88A	TCGA-WC-A88A-01A	Primary Tumor
216abb23-24f6-483a-9295-afc8732236b7	26afaa53-4039-4efd-a008-9578dea6a301.rna_seq.augmented_star_gene_counts.tsv	Transcriptome Profiling	Gene Expression Quantification	TCGA-UVM	TCGA-V4-A9F2	TCGA-V4-A9F2-01A	Primary Tumor
b73b5094-7b4f-4de7-bf89-5e9aa440e6af	7dcf88b1-efbf-4d15-8702-c089871ec52e.rna_seq.augmented_star_gene_counts.tsv	Transcriptome Profiling	Gene Expression Quantification	TCGA-UVM	TCGA-V4-A9EK	TCGA-V4-A9EK-01A	Primary Tumor
1c7d0c48-1ff5-4de3-9e47-ad3a67dde79a	850c83fc-adb5-4f71-bba6-006022c4f4c5.rna_seq.augmented_star_gene_counts.tsv	Transcriptome Profiling	Gene Expression Quantification	TCGA-UVM	TCGA-WC-A882	TCGA-WC-A882-01A	Primary Tumor
3ec5342f-740b-452b-8e13-87d81a36060c	8dbf5d9d-67b7-4107-a596-6af42710b7b6.rna_seq.augmented_star_gene_counts.tsv	Transcriptome Profiling	Gene Expression Quantification	TCGA-UVM	TCGA-WC-A87W	TCGA-WC-A87W-01A	Primary Tumor
ab3f65bf-14b3-45be-8e6a-28855d9a8beb	2aa9348e-e78c-4af8-9aa1-ac2a0771ea7c.rna_seq.augmented_star_gene_counts.tsv	Transcriptome Profiling	Gene Expression Quantification	TCGA-UVM	TCGA-V4-A9EX	TCGA-V4-A9EX-01A	Primary Tumor
9054cd54-9088-455d-aef6-f2a7ae1ba3e1	51370984-04a3-4b46-9627-a346c2af69c6.rna_seq.augmented_star_gene_counts.tsv	Transcriptome Profiling	Gene Expression Quantification	TCGA-UVM	TCGA-V4-A9EL	TCGA-V4-A9EL-01A	Primary Tumor
94449598-9604-4b06-b647-57b2d015af88	96e154ab-2822-4477-990e-4b65e6d1432b.rna_seq.augmented_star_gene_counts.tsv	Transcriptome Profiling	Gene Expression Quantification	TCGA-UVM	TCGA-V4-A9F8	TCGA-V4-A9F8-01A	Primary Tumor
5bec0dff-25e9-422b-ba9b-e718aa8e3f64	72d9b028-1c20-4835-a7f9-882e5dd80797.rna_seq.augmented_star_gene_counts.tsv	Transcriptome Profiling	Gene Expression Quantification	TCGA-UVM	TCGA-V4-A9F0	TCGA-V4-A9F0-01A	Primary Tumor
fa9e7839-a49f-4d7b-b7e0-b1a492511e0f	2bbc05dc-29d8-4f22-8011-48b9cd2f4360.rna_seq.augmented_star_gene_counts.tsv	Transcriptome Profiling	Gene Expression Quantification	TCGA-UVM	TCGA-V4-A9F1	TCGA-V4-A9F1-01A	Primary Tumor
a6086929-603b-4bd5-8214-fc925ff38293	e089d94c-a4d2-44ff-b8e7-2fa6838f0bc5.rna_seq.augmented_star_gene_counts.tsv	Transcriptome Profiling	Gene Expression Quantification	TCGA-UVM	TCGA-VD-A8KF	TCGA-VD-A8KF-01A	Primary Tumor
a150bfbe-72d3-42a3-b87f-842399d3c541	71adf9b8-e04d-454a-814e-855aa2f106d6.rna_seq.augmented_star_gene_counts.tsv	Transcriptome Profiling	Gene Expression Quantification	TCGA-UVM	TCGA-VD-AA8O	TCGA-VD-AA8O-01A	Primary Tumor
d944f6f9-8616-4cee-9672-a5e249d8ee0b	37f52ca5-99ff-44e5-8753-ea97dab7f958.rna_seq.augmented_star_gene_counts.tsv	Transcriptome Profiling	Gene Expression Quantification	TCGA-UVM	TCGA-VD-A8K8	TCGA-VD-A8K8-01A	Primary Tumor
22fa5d91-428b-42b0-a5b0-f0729aee9635	382cce5b-8d34-481d-b746-d1defc817a08.rna_seq.augmented_star_gene_counts.tsv	Transcriptome Profiling	Gene Expression Quantification	TCGA-UVM	TCGA-V4-A9F5	TCGA-V4-A9F5-01A	Primary Tumor
99ce0e9b-b1c8-4adf-8529-393068fa8f69	4d335987-6d71-4ef3-9655-e33fe642d381.rna_seq.augmented_star_gene_counts.tsv	Transcriptome Profiling	Gene Expression Quantification	TCGA-UVM	TCGA-V4-A9ES	TCGA-V4-A9ES-01A	Primary Tumor
735ebb00-3320-4307-a69b-a10992adbdab	66697b8e-4ffe-4ed5-933f-1d11eda9a7d5.rna_seq.augmented_star_gene_counts.tsv	Transcriptome Profiling	Gene Expression Quantification	TCGA-UVM	TCGA-V4-A9EA	TCGA-V4-A9EA-01A	Primary Tumor
9bf8d5f6-47e8-4c92-b67c-4de0bcdfeab1	04a9005f-3104-49f0-a957-dd77c3c60679.rna_seq.augmented_star_gene_counts.tsv	Transcriptome Profiling	Gene Expression Quantification	TCGA-UVM	TCGA-VD-A8KE	TCGA-VD-A8KE-01A	Primary Tumor
ab6a5e24-de1a-446e-bf4c-38e7a5bb14a3	9d285856-ea63-4cf3-9827-fbd6d8cbfae8.rna_seq.augmented_star_gene_counts.tsv	Transcriptome Profiling	Gene Expression Quantification	TCGA-UVM	TCGA-V4-A9EE	TCGA-V4-A9EE-01A	Primary Tumor
44ecb36d-5821-4934-9305-f1d93c9ebb01	e66cc51e-3029-4568-b546-6278e993189f.rna_seq.augmented_star_gene_counts.tsv	Transcriptome Profiling	Gene Expression Quantification	TCGA-UVM	TCGA-V4-A9F3	TCGA-V4-A9F3-01A	Primary Tumor
f7454104-308f-4c39-b21d-f5586989dffe	eef24168-16c3-4e0e-a184-54dac583871f.rna_seq.augmented_star_gene_counts.tsv	Transcriptome Profiling	Gene Expression Quantification	TCGA-UCS	TCGA-N5-A4RV	TCGA-N5-A4RV-01A	Primary Tumor
305004c6-214c-467a-828d-69bb76bfe1ee	30b233b9-eecf-47d7-8d59-f381144b384a.rna_seq.augmented_star_gene_counts.tsv	Transcriptome Profiling	Gene Expression Quantification	TCGA-UCS	TCGA-QM-A5NM	TCGA-QM-A5NM-01A	Primary Tumor
4fec9601-c92b-4473-8e2f-9ca82c5b2d70	bd56bbdb-4c29-4ff3-a238-31f1986bb061.rna_seq.augmented_star_gene_counts.tsv	Transcriptome Profiling	Gene Expression Quantification	TCGA-UCS	TCGA-N8-A4PQ	TCGA-N8-A4PQ-01A	Primary Tumor
69d56598-3b9f-4afe-afd5-eb72515e66ce	1e4f7535-f8e7-4f5f-a38e-2c6b6dd7822a.rna_seq.augmented_star_gene_counts.tsv	Transcriptome Profiling	Gene Expression Quantification	TCGA-UCS	TCGA-ND-A4W6	TCGA-ND-A4W6-01A	Primary Tumor
16ec8d0a-f9e3-44b9-af68-6058fb2ef491	a0255182-fddd-4356-b421-d7aceb3463ab.rna_seq.augmented_star_gene_counts.tsv	Transcriptome Profiling	Gene Expression Quantification	TCGA-UCS	TCGA-N9-A4Q8	TCGA-N9-A4Q8-01A	Primary Tumor
19decb3c-c29a-42d7-ad10-bc7381ba865c	b41f1c27-3b35-42c4-b0c2-d8c5fac98739.rna_seq.augmented_star_gene_counts.tsv	Transcriptome Profiling	Gene Expression Quantification	TCGA-UCS	TCGA-N6-A4V9	TCGA-N6-A4V9-01A	Primary Tumor
95ba2a40-e6c6-4011-975f-841a0a33daa8	ded55167-c423-43e5-8bd8-62aa4041d4de.rna_seq.augmented_star_gene_counts.tsv	Transcriptome Profiling	Gene Expression Quantification	TCGA-UCS	TCGA-ND-A4WC	TCGA-ND-A4WC-01A	Primary Tumor
2d42c8bc-27e6-41fe-9ae8-a6b97b73c012	aeea19c3-cc16-4628-8feb-48eab41756d1.rna_seq.augmented_star_gene_counts.tsv	Transcriptome Profiling	Gene Expression Quantification	TCGA-UCS	TCGA-NF-A4WX	TCGA-NF-A4WX-01A	Primary Tumor
85c00f8a-8045-406e-bf3d-0a6af502a2f3	bf821500-0f0c-4917-bca5-23127d5794c9.rna_seq.augmented_star_gene_counts.tsv	Transcriptome Profiling	Gene Expression Quantification	TCGA-UCS	TCGA-N9-A4PZ	TCGA-N9-A4PZ-01A	Primary Tumor
7842a373-7951-4fad-ad76-601a1ea04629	f4c532b2-542b-4281-a7c7-3f415edc98c8.rna_seq.augmented_star_gene_counts.tsv	Transcriptome Profiling	Gene Expression Quantification	TCGA-UCS	TCGA-N9-A4Q3	TCGA-N9-A4Q3-01A	Primary Tumor
806937fc-aac4-4980-b2b6-9e42ba271b14	aa9b3cbd-3d49-4eff-973f-b98fd9bc2c5f.rna_seq.augmented_star_gene_counts.tsv	Transcriptome Profiling	Gene Expression Quantification	TCGA-UCS	TCGA-ND-A4WA	TCGA-ND-A4WA-01A	Primary Tumor
737a481e-c326-4f1c-b421-813eb0d83fd7	0a0399ee-1351-48d3-acc9-17c18aa74a93.rna_seq.augmented_star_gene_counts.tsv	Transcriptome Profiling	Gene Expression Quantification	TCGA-UCS	TCGA-N8-A4PL	TCGA-N8-A4PL-01A	Primary Tumor
c22befb2-048c-4abd-bf31-bf3f989a706d	d09631c8-2101-4c0f-a266-7a1e87e7c8ce.rna_seq.augmented_star_gene_counts.tsv	Transcriptome Profiling	Gene Expression Quantification	TCGA-UCS	TCGA-NG-A4VW	TCGA-NG-A4VW-01A	Primary Tumor
64a05ecc-11c9-40fc-98ab-81bcf0f57ec1	df612b62-dc9a-4d75-a352-12d2314dc25d.rna_seq.augmented_star_gene_counts.tsv	Transcriptome Profiling	Gene Expression Quantification	TCGA-UCS	TCGA-N5-A59E	TCGA-N5-A59E-01A	Primary Tumor
19290ac2-8d03-4964-b3b8-39c1442e727f	b563c4c6-9e51-4f72-b632-e5c670595c96.rna_seq.augmented_star_gene_counts.tsv	Transcriptome Profiling	Gene Expression Quantification	TCGA-UCS	TCGA-N8-A4PN	TCGA-N8-A4PN-01A	Primary Tumor
516a0d9d-f9a7-4ee7-ae03-be17df4564d9	912a4bc8-417f-4dad-873d-c7e2ec889c91.rna_seq.augmented_star_gene_counts.tsv	Transcriptome Profiling	Gene Expression Quantification	TCGA-UCS	TCGA-NA-A4R1	TCGA-NA-A4R1-01A	Primary Tumor
eec647b2-a600-43a9-9d49-19e415c7037e	57313156-a5de-4f70-8c36-d1014909e8da.rna_seq.augmented_star_gene_counts.tsv	Transcriptome Profiling	Gene Expression Quantification	TCGA-UCS	TCGA-N9-A4Q1	TCGA-N9-A4Q1-01A	Primary Tumor
d73b4900-5f8a-41a1-8e18-599f712b20dd	c6537fca-ce01-44d9-a848-c8d09f4da2d4.rna_seq.augmented_star_gene_counts.tsv	Transcriptome Profiling	Gene Expression Quantification	TCGA-UCS	TCGA-N8-A4PP	TCGA-N8-A4PP-01A	Primary Tumor
d3317b3c-f496-4f15-930e-9827100ffd16	e74e83be-b003-45cc-a50b-149064caff99.rna_seq.augmented_star_gene_counts.tsv	Transcriptome Profiling	Gene Expression Quantification	TCGA-UCS	TCGA-N9-A4Q4	TCGA-N9-A4Q4-01A	Primary Tumor
ea09a6c8-0521-4b9e-8cc0-ba0e7f855aa8	8acb6203-ddd0-4edc-8017-7e3b2953b7a2.rna_seq.augmented_star_gene_counts.tsv	Transcriptome Profiling	Gene Expression Quantification	TCGA-UVM	TCGA-V4-A9EJ	TCGA-V4-A9EJ-01A	Primary Tumor
b5b0f524-d70e-40eb-ae49-16d2b5ea5467	0e86cd4d-d678-4061-9717-ffcd93f05dbd.rna_seq.augmented_star_gene_counts.tsv	Transcriptome Profiling	Gene Expression Quantification	TCGA-UVM	TCGA-V3-A9ZY	TCGA-V3-A9ZY-01A	Primary Tumor
ddf84756-4ed2-4deb-9321-9fc456232cdc	a199f5da-dda7-406f-967b-f9c5ff771a40.rna_seq.augmented_star_gene_counts.tsv	Transcriptome Profiling	Gene Expression Quantification	TCGA-UVM	TCGA-V4-A9EW	TCGA-V4-A9EW-01A	Primary Tumor
b5213c67-a73f-4b3d-ac9b-deedfbc08160	97aede8f-8315-4d49-8f04-41b4c266d78c.rna_seq.augmented_star_gene_counts.tsv	Transcriptome Profiling	Gene Expression Quantification	TCGA-UVM	TCGA-VD-AA8P	TCGA-VD-AA8P-01A	Primary Tumor
dfd688a4-aac4-4588-9035-87635ddc96a4	d720c62a-64a3-40b6-9400-7fc41e0f12f2.rna_seq.augmented_star_gene_counts.tsv	Transcriptome Profiling	Gene Expression Quantification	TCGA-UVM	TCGA-VD-AA8N	TCGA-VD-AA8N-01A	Primary Tumor
f84b24e5-751f-4b17-a6dd-74b046844d0d	45fcc1a1-d73a-4ec5-95ae-f9ca82c5b3fd.rna_seq.augmented_star_gene_counts.tsv	Transcriptome Profiling	Gene Expression Quantification	TCGA-UVM	TCGA-VD-A8KO	TCGA-VD-A8KO-01A	Primary Tumor
f96a0144-600b-4a7b-aada-1e87d8596a63	c1867a9a-942f-46f9-b7ff-bfe8edb04f6d.rna_seq.augmented_star_gene_counts.tsv	Transcriptome Profiling	Gene Expression Quantification	TCGA-UVM	TCGA-VD-AA8T	TCGA-VD-AA8T-01A	Primary Tumor
90d51c25-d04d-4ef6-bc42-a65886cad80f	23d3ea07-1507-4b92-b05b-5c464ecb9858.rna_seq.augmented_star_gene_counts.tsv	Transcriptome Profiling	Gene Expression Quantification	TCGA-UVM	TCGA-VD-A8KB	TCGA-VD-A8KB-01A	Primary Tumor
0db0e29f-bd16-4f9a-944a-9b2b73ae3231	f94feb03-e191-4328-9818-7220696e3a86.rna_seq.augmented_star_gene_counts.tsv	Transcriptome Profiling	Gene Expression Quantification	TCGA-UVM	TCGA-WC-A87Y	TCGA-WC-A87Y-01A	Primary Tumor
25af10e2-b273-48de-a61e-d17f2942e0bd	0df5b21d-6ab0-4d21-a801-9e0dd4230ffb.rna_seq.augmented_star_gene_counts.tsv	Transcriptome Profiling	Gene Expression Quantification	TCGA-UVM	TCGA-V3-A9ZX	TCGA-V3-A9ZX-01A	Primary Tumor
6a5fc50d-285f-4b43-89e8-4e0369adccd0	06cbde58-ac14-4736-ad91-0ba2bf399527.rna_seq.augmented_star_gene_counts.tsv	Transcriptome Profiling	Gene Expression Quantification	TCGA-UVM	TCGA-WC-A87U	TCGA-WC-A87U-01A	Primary Tumor
b7ac31c0-1284-4d89-b2c6-852e8edb939d	cc372dbb-e7ea-457f-ae2b-7d0ba5a0a2dd.rna_seq.augmented_star_gene_counts.tsv	Transcriptome Profiling	Gene Expression Quantification	TCGA-UVM	TCGA-VD-A8K7	TCGA-VD-A8K7-01B	Primary Tumor
2099feee-53e9-4c8d-b4f1-f80a55b34e1c	bdae6108-fe46-463f-98de-58d5f680bdaf.rna_seq.augmented_star_gene_counts.tsv	Transcriptome Profiling	Gene Expression Quantification	TCGA-UVM	TCGA-V4-A9EM	TCGA-V4-A9EM-01A	Primary Tumor
7a3399f3-a7c4-48c9-925d-c42860ed83b6	e71db7d0-f7b7-4522-a382-c83b7520f608.rna_seq.augmented_star_gene_counts.tsv	Transcriptome Profiling	Gene Expression Quantification	TCGA-UVM	TCGA-VD-A8KJ	TCGA-VD-A8KJ-01A	Primary Tumor
5bd814b8-c382-4353-a342-de3b77d3eac9	9b127b39-c64a-4863-bbb7-615d53ebe7f8.rna_seq.augmented_star_gene_counts.tsv	Transcriptome Profiling	Gene Expression Quantification	TCGA-UVM	TCGA-VD-A8KD	TCGA-VD-A8KD-01A	Primary Tumor
c5f1b74e-095f-45ef-a8e2-d973b2c084cb	79255954-1b33-4a51-bc0d-6c4cd59183dc.rna_seq.augmented_star_gene_counts.tsv	Transcriptome Profiling	Gene Expression Quantification	TCGA-UVM	TCGA-VD-AA8R	TCGA-VD-AA8R-01A	Primary Tumor
44363b1e-23b3-4a97-8b53-5d184259f03a	ecaf1c57-1d8e-49e4-84a3-6c371c5314f3.rna_seq.augmented_star_gene_counts.tsv	Transcriptome Profiling	Gene Expression Quantification	TCGA-UVM	TCGA-V4-A9EF	TCGA-V4-A9EF-01A	Primary Tumor
875d9e2e-1f35-4374-97b4-5d58c5b9c4c5	c317811d-b28a-430e-96e3-23bba15f04a3.rna_seq.augmented_star_gene_counts.tsv	Transcriptome Profiling	Gene Expression Quantification	TCGA-UVM	TCGA-VD-AA8M	TCGA-VD-AA8M-01A	Primary Tumor
b6c9c1d7-ebd4-4ccb-8177-80a4242c93d9	ac60cc0f-3aa5-4299-94f1-f7094537d906.rna_seq.augmented_star_gene_counts.tsv	Transcriptome Profiling	Gene Expression Quantification	TCGA-UVM	TCGA-VD-A8KL	TCGA-VD-A8KL-01A	Primary Tumor
36999a4f-9ab2-435c-b4f4-c3412e7b68b2	8a851a1b-c39e-4ee2-876a-447ff4b088c4.rna_seq.augmented_star_gene_counts.tsv	Transcriptome Profiling	Gene Expression Quantification	TCGA-UVM	TCGA-V4-A9EI	TCGA-V4-A9EI-01A	Primary Tumor
b11a8fb5-77d6-414a-a4bb-9ef3255149a2	01ecfef7-7a6b-4212-bdfa-d4aae88fadfa.rna_seq.augmented_star_gene_counts.tsv	Transcriptome Profiling	Gene Expression Quantification	TCGA-UVM	TCGA-V4-A9EU	TCGA-V4-A9EU-01A	Primary Tumor
e1849623-895a-4981-b8c1-25ad0ec1143b	5b47289b-49a4-40c2-9089-34fd811149d2.rna_seq.augmented_star_gene_counts.tsv	Transcriptome Profiling	Gene Expression Quantification	TCGA-UVM	TCGA-WC-A885	TCGA-WC-A885-01A	Primary Tumor
aa68b133-387e-496c-bdfc-7b4f6fb0ce95	aa816c97-1621-4bb0-bded-07e8e1c06f09.rna_seq.augmented_star_gene_counts.tsv	Transcriptome Profiling	Gene Expression Quantification	TCGA-UVM	TCGA-YZ-A985	TCGA-YZ-A985-01A	Primary Tumor
d48060d6-bea4-4d02-9bb6-38a43aea36af	2a6ea7b6-7ec3-4226-9d58-37b544e78aec.rna_seq.augmented_star_gene_counts.tsv	Transcriptome Profiling	Gene Expression Quantification	TCGA-UVM	TCGA-V4-A9E9	TCGA-V4-A9E9-01A	Primary Tumor
2c941f66-90ae-4126-9ff4-44ce398c3d3f	f42e7ae4-f25b-4cec-a514-cd7f47dd43b8.rna_seq.augmented_star_gene_counts.tsv	Transcriptome Profiling	Gene Expression Quantification	TCGA-UVM	TCGA-WC-A880	TCGA-WC-A880-01A	Primary Tumor
5d85fe84-134c-4a2e-bb1f-c4ab07693c47	b5516bd8-8b93-4d1f-a1a0-a8be34831b40.rna_seq.augmented_star_gene_counts.tsv	Transcriptome Profiling	Gene Expression Quantification	TCGA-UCS	TCGA-N9-A4Q7	TCGA-N9-A4Q7-01A	Primary Tumor
7710fd34-eefa-4320-ae2d-b765dfe4638e	98a93528-cec2-4553-be0d-04375163e68e.rna_seq.augmented_star_gene_counts.tsv	Transcriptome Profiling	Gene Expression Quantification	TCGA-UCS	TCGA-N5-A4RT	TCGA-N5-A4RT-01A	Primary Tumor
efa5f842-4049-48ba-94dc-3a826ae7272b	4dcb92e8-1526-4e2e-80ee-be36dba3fb7a.rna_seq.augmented_star_gene_counts.tsv	Transcriptome Profiling	Gene Expression Quantification	TCGA-UCS	TCGA-N5-A4RU	TCGA-N5-A4RU-01A	Primary Tumor
54c83e80-611f-4569-9a86-4316dd137f5a	eae1204c-1a31-4235-9de3-040f92592d16.rna_seq.augmented_star_gene_counts.tsv	Transcriptome Profiling	Gene Expression Quantification	TCGA-UCS	TCGA-N5-A4RO	TCGA-N5-A4RO-01A	Primary Tumor
0f638551-a5b7-4765-841e-23ae1424f14c	2b516199-a3d6-4a0e-924f-ffd89e6e2204.rna_seq.augmented_star_gene_counts.tsv	Transcriptome Profiling	Gene Expression Quantification	TCGA-UCS	TCGA-ND-A4WF	TCGA-ND-A4WF-01A	Primary Tumor
85d8012c-425b-4d92-bdd4-e02de46fa7b3	ab3ca5a3-cb89-4a1c-9ad8-2763c7c81318.rna_seq.augmented_star_gene_counts.tsv	Transcriptome Profiling	Gene Expression Quantification	TCGA-UCS	TCGA-NA-A4QX	TCGA-NA-A4QX-01A	Primary Tumor
8553e297-631f-4fbd-a9cd-618084d4b2db	8fdecff5-4023-4b7d-9053-ee6f0bb72b3c.rna_seq.augmented_star_gene_counts.tsv	Transcriptome Profiling	Gene Expression Quantification	TCGA-UCS	TCGA-N7-A4Y8	TCGA-N7-A4Y8-01A	Primary Tumor
fb26d7a8-66ee-41a3-990e-f5635f56c75c	90f0a272-f494-439a-afa2-5c4815c5b06c.rna_seq.augmented_star_gene_counts.tsv	Transcriptome Profiling	Gene Expression Quantification	TCGA-UCS	TCGA-NA-A4R0	TCGA-NA-A4R0-01A	Primary Tumor
10f43e24-93ff-441c-9c5a-c36b260d7aec	1c79b30b-e45f-41d2-b0a7-94fcf5353e22.rna_seq.augmented_star_gene_counts.tsv	Transcriptome Profiling	Gene Expression Quantification	TCGA-UCS	TCGA-N5-A4R8	TCGA-N5-A4R8-01A	Primary Tumor
e463307c-2037-4e9b-b168-2d412e4e9506	d5f3870c-cd6f-4072-bc05-e38b8f0dc486.rna_seq.augmented_star_gene_counts.tsv	Transcriptome Profiling	Gene Expression Quantification	TCGA-UCS	TCGA-N8-A4PI	TCGA-N8-A4PI-01A	Primary Tumor
f0d03328-c1a6-42f8-92f3-727184befe52	08c453f7-3a27-453a-bb6e-d2a7f250e6f2.rna_seq.augmented_star_gene_counts.tsv	Transcriptome Profiling	Gene Expression Quantification	TCGA-UCS	TCGA-QN-A5NN	TCGA-QN-A5NN-01A	Primary Tumor
c4d687b5-7534-4920-be71-f18d259c2697	9337bdab-f8de-4922-8780-494f90b25706.rna_seq.augmented_star_gene_counts.tsv	Transcriptome Profiling	Gene Expression Quantification	TCGA-UCS	TCGA-N7-A4Y0	TCGA-N7-A4Y0-01A	Primary Tumor
eccef49b-a8a9-422e-ab4e-6a8542347354	f60cab51-b9e1-4473-adf4-c603ae432d8d.rna_seq.augmented_star_gene_counts.tsv	Transcriptome Profiling	Gene Expression Quantification	TCGA-UCS	TCGA-NA-A4QV	TCGA-NA-A4QV-01A	Primary Tumor
bb223cb7-3553-4494-b9ac-7489e3187db3	e0e3a69f-dcf1-49a6-9f73-da7e56238c68.rna_seq.augmented_star_gene_counts.tsv	Transcriptome Profiling	Gene Expression Quantification	TCGA-UCS	TCGA-N8-A4PM	TCGA-N8-A4PM-01A	Primary Tumor
e686f1e8-7009-4b8b-852f-aaf4db0e5ab3	778e6330-b1a6-4332-941c-4a3486dbb125.rna_seq.augmented_star_gene_counts.tsv	Transcriptome Profiling	Gene Expression Quantification	TCGA-UCS	TCGA-NA-A4QY	TCGA-NA-A4QY-01A	Primary Tumor
cc8d5026-10bd-45fc-aa39-ba3453d8b05a	35830217-38c6-4762-96d9-e7ee7df95b5d.rna_seq.augmented_star_gene_counts.tsv	Transcriptome Profiling	Gene Expression Quantification	TCGA-UCS	TCGA-N6-A4VC	TCGA-N6-A4VC-01A	Primary Tumor
2e2874d4-4932-4f81-b464-1ea2f509a119	7850ab16-4701-4e05-b2b8-6086b8ed63bb.rna_seq.augmented_star_gene_counts.tsv	Transcriptome Profiling	Gene Expression Quantification	TCGA-UVM	TCGA-VD-A8KG	TCGA-VD-A8KG-01A	Primary Tumor
8c5e6f18-3a16-4065-ab12-d3391da154e9	61b1ca49-d26b-432d-bc34-98c4644f8b4f.rna_seq.augmented_star_gene_counts.tsv	Transcriptome Profiling	Gene Expression Quantification	TCGA-UVM	TCGA-VD-A8KK	TCGA-VD-A8KK-01A	Primary Tumor
223dce04-4892-4f9b-b136-f6254b10a285	b65a7b29-61ac-495f-b06c-065909a2971b.rna_seq.augmented_star_gene_counts.tsv	Transcriptome Profiling	Gene Expression Quantification	TCGA-UVM	TCGA-VD-A8K9	TCGA-VD-A8K9-01A	Primary Tumor
5b61633f-4183-458f-a1f2-978b3a90e935	d6833afe-f5dd-4a0d-8778-666f7e52224f.rna_seq.augmented_star_gene_counts.tsv	Transcriptome Profiling	Gene Expression Quantification	TCGA-UVM	TCGA-YZ-A980	TCGA-YZ-A980-01A	Primary Tumor
84938e5c-3249-4e5a-862f-c0ae8886ab75	28571071-5093-4d12-b526-9c06133cfcbc.rna_seq.augmented_star_gene_counts.tsv	Transcriptome Profiling	Gene Expression Quantification	TCGA-UVM	TCGA-WC-AA9E	TCGA-WC-AA9E-01A	Primary Tumor
f557537f-cc1a-4cec-acdb-6cbe78847b05	30df08e9-e6be-4c16-91e1-4e7de6adddea.rna_seq.augmented_star_gene_counts.tsv	Transcriptome Profiling	Gene Expression Quantification	TCGA-UVM	TCGA-WC-AA9A	TCGA-WC-AA9A-01A	Primary Tumor
29fb9a0c-a98a-4884-a6f2-79b0de3dfee9	c1f10672-b50f-453b-ba18-3a5858a10bf6.rna_seq.augmented_star_gene_counts.tsv	Transcriptome Profiling	Gene Expression Quantification	TCGA-UVM	TCGA-V4-A9EY	TCGA-V4-A9EY-01A	Primary Tumor
7fff968e-af87-4766-98a0-3eebed53264c	b72d0a6b-8984-4854-b4b3-3f4671a0bff5.rna_seq.augmented_star_gene_counts.tsv	Transcriptome Profiling	Gene Expression Quantification	TCGA-UVM	TCGA-V4-A9ED	TCGA-V4-A9ED-01A	Primary Tumor
eb1f76d1-e547-41f3-8d85-adf4bb9c4204	7a632cae-65fe-4d7c-a892-a8809a9ba6de.rna_seq.augmented_star_gene_counts.tsv	Transcriptome Profiling	Gene Expression Quantification	TCGA-UVM	TCGA-VD-AA8Q	TCGA-VD-AA8Q-01A	Primary Tumor
d2c0009c-f833-4a3c-86ff-3f6b19bb299d	05ec7139-df1a-48af-8d31-0acb26ee037b.rna_seq.augmented_star_gene_counts.tsv	Transcriptome Profiling	Gene Expression Quantification	TCGA-UVM	TCGA-RZ-AB0B	TCGA-RZ-AB0B-01A	Primary Tumor
1f1c530d-5934-4bfb-bc45-d5d7d632301d	3a9a7eaf-120e-4c63-8185-a27f697ce299.rna_seq.augmented_star_gene_counts.tsv	Transcriptome Profiling	Gene Expression Quantification	TCGA-UVM	TCGA-V4-A9F4	TCGA-V4-A9F4-01A	Primary Tumor
d215af76-6241-492f-a3bb-c3540e997e16	c4479d47-5f2d-434a-8755-59426a635706.rna_seq.augmented_star_gene_counts.tsv	Transcriptome Profiling	Gene Expression Quantification	TCGA-UVM	TCGA-WC-A883	TCGA-WC-A883-01A	Primary Tumor
3d70feec-2460-48ef-90d0-355ffdadf785	50e97e06-9279-484e-8c8f-6fcc67a55ebc.rna_seq.augmented_star_gene_counts.tsv	Transcriptome Profiling	Gene Expression Quantification	TCGA-UVM	TCGA-V4-A9EQ	TCGA-V4-A9EQ-01A	Primary Tumor
cb6cee1a-43a4-40c3-9af7-91bc299ed5ab	18496158-0c5e-4f32-a8bc-3c946dad43c3.rna_seq.augmented_star_gene_counts.tsv	Transcriptome Profiling	Gene Expression Quantification	TCGA-UVM	TCGA-WC-A884	TCGA-WC-A884-01A	Primary Tumor
71c889d4-ac45-443d-8676-aa2d4079f7d6	d8d59d9b-c57a-4383-8962-9204a8b9175a.rna_seq.augmented_star_gene_counts.tsv	Transcriptome Profiling	Gene Expression Quantification	TCGA-UVM	TCGA-VD-A8KN	TCGA-VD-A8KN-01A	Primary Tumor
d540d661-2223-400e-8525-63b06530f23e	89acdd18-8dbd-4d4d-8b92-b88b82f8c0c7.rna_seq.augmented_star_gene_counts.tsv	Transcriptome Profiling	Gene Expression Quantification	TCGA-UVM	TCGA-YZ-A982	TCGA-YZ-A982-01A	Primary Tumor
8d6d0afa-3b22-4329-87be-228971ffd581	0d902210-381c-4e66-8087-0de815e8d507.rna_seq.augmented_star_gene_counts.tsv	Transcriptome Profiling	Gene Expression Quantification	TCGA-UVM	TCGA-V4-A9EC	TCGA-V4-A9EC-01A	Primary Tumor
24036f4b-2361-48e9-a4a0-ef5f5c7d2dd9	3fe63e9d-8cdd-4e22-b1f0-475a23e075f7.rna_seq.augmented_star_gene_counts.tsv	Transcriptome Profiling	Gene Expression Quantification	TCGA-UVM	TCGA-V4-A9E7	TCGA-V4-A9E7-01A	Primary Tumor
4a2edd0e-ea77-4ef3-9b3c-3ec65e4e426d	d9480f8b-3086-4a6f-b349-a3ae5bafe58c.rna_seq.augmented_star_gene_counts.tsv	Transcriptome Profiling	Gene Expression Quantification	TCGA-UVM	TCGA-V4-A9E8	TCGA-V4-A9E8-01A	Primary Tumor
3c44e284-32e2-48bb-aeed-20c739ef4260	598eebde-1c35-4dfb-be46-167c6b2b3819.rna_seq.augmented_star_gene_counts.tsv	Transcriptome Profiling	Gene Expression Quantification	TCGA-UVM	TCGA-VD-A8KA	TCGA-VD-A8KA-01B	Primary Tumor
1ca38806-3ee6-47e7-8f2d-0b8a758d69c6	f7405928-dcaa-4359-ad8c-c69028dd6e2d.rna_seq.augmented_star_gene_counts.tsv	Transcriptome Profiling	Gene Expression Quantification	TCGA-UCS	TCGA-N8-A4PO	TCGA-N8-A4PO-01A	Primary Tumor
9007a863-1d7e-43de-acd4-8833c1fae268	79351f4f-6f4b-4a1e-bd18-eaa521344822.rna_seq.augmented_star_gene_counts.tsv	Transcriptome Profiling	Gene Expression Quantification	TCGA-UVM	TCGA-WC-A87T	TCGA-WC-A87T-01A	Primary Tumor
e34a4ad6-6c02-4e7b-b47b-7692b2b4788d	1ab744be-3780-4baa-971a-50defda0e791.rna_seq.augmented_star_gene_counts.tsv	Transcriptome Profiling	Gene Expression Quantification	TCGA-UVM	TCGA-VD-AA8S	TCGA-VD-AA8S-01B	Primary Tumor
7af8fb1b-0385-477f-b002-ac471a18db54	8e6e5d92-19ec-41f1-a760-f76dd3377041.rna_seq.augmented_star_gene_counts.tsv	Transcriptome Profiling	Gene Expression Quantification	TCGA-UCS	TCGA-N5-A4RN	TCGA-N5-A4RN-01A	Primary Tumor
7c51c34b-4fc4-47e0-b671-5869734cef2d	3013ec38-5c4f-4c37-85b5-93e6c0f2f1c8.rna_seq.augmented_star_gene_counts.tsv	Transcriptome Profiling	Gene Expression Quantification	TCGA-UCS	TCGA-N7-A59B	TCGA-N7-A59B-01A	Primary Tumor
9108a0cb-b8d2-4c0f-9f2f-9d2a4f9931f1	5584e7e1-55ac-411a-9d40-14653ca02c2f.rna_seq.augmented_star_gene_counts.tsv	Transcriptome Profiling	Gene Expression Quantification	TCGA-UCS	TCGA-N7-A4Y5	TCGA-N7-A4Y5-01A	Primary Tumor
11af7fd4-8b9d-4f22-a1b6-49187693acb0	73f9c204-a5cd-4f47-995e-cdd41782c1bc.rna_seq.augmented_star_gene_counts.tsv	Transcriptome Profiling	Gene Expression Quantification	TCGA-UCS	TCGA-N6-A4VD	TCGA-N6-A4VD-01A	Primary Tumor
d2cebd9f-635f-48a2-b3ad-566db34f503c	e77d64cd-452e-45a4-9303-6446b5c226c5.rna_seq.augmented_star_gene_counts.tsv	Transcriptome Profiling	Gene Expression Quantification	TCGA-UCS	TCGA-N5-A59F	TCGA-N5-A59F-01A	Primary Tumor
a11dba31-1b52-4457-b275-66659be74f7e	450c2339-0b4f-47ff-a929-e826fa4cd971.rna_seq.augmented_star_gene_counts.tsv	Transcriptome Profiling	Gene Expression Quantification	TCGA-UCS	TCGA-N8-A56S	TCGA-N8-A56S-01A	Primary Tumor
b185080f-6249-420f-81b0-af74419d5c62	28431854-7a47-487d-a398-4ea7f447f95b.rna_seq.augmented_star_gene_counts.tsv	Transcriptome Profiling	Gene Expression Quantification	TCGA-UCS	TCGA-N6-A4VE	TCGA-N6-A4VE-01A	Primary Tumor
3205ade6-c915-4cf6-8328-7fe22aaa8dc1	148b2ab5-4d1f-427c-a395-6408008335e8.rna_seq.augmented_star_gene_counts.tsv	Transcriptome Profiling	Gene Expression Quantification	TCGA-UCS	TCGA-N5-A4RM	TCGA-N5-A4RM-01A	Primary Tumor
e77bc8dd-c55c-4de8-a42e-8139e9c34c62	38afdac7-861e-4d67-b6a3-4f95f8880bb2.rna_seq.augmented_star_gene_counts.tsv	Transcriptome Profiling	Gene Expression Quantification	TCGA-UVM	TCGA-V4-A9EO	TCGA-V4-A9EO-01A	Primary Tumor
3e0c80d6-5091-454c-ad27-eb513cf6f45d	b161c26d-64b1-4e03-94da-4f9b9de25e88.rna_seq.augmented_star_gene_counts.tsv	Transcriptome Profiling	Gene Expression Quantification	TCGA-BRCA	TCGA-GI-A2C9	TCGA-GI-A2C9-01A	Primary Tumor
36e4ffb0-0bab-4035-88f1-a181b195fce1	d78126ec-68b1-4d77-bf7a-19a47678a5fb.rna_seq.augmented_star_gene_counts.tsv	Transcriptome Profiling	Gene Expression Quantification	TCGA-BRCA	TCGA-A2-A0CZ	TCGA-A2-A0CZ-01A	Primary Tumor
37af19f9-56f9-48ec-97a9-5b0b6e364293	a37efe02-9662-4b90-8251-003ccb96aed4.rna_seq.augmented_star_gene_counts.tsv	Transcriptome Profiling	Gene Expression Quantification	TCGA-BRCA	TCGA-C8-A8HP	TCGA-C8-A8HP-01A	Primary Tumor
5b4ec1fd-516d-4c32-a233-0699e591df1a	4331397f-eaf9-4e43-8fa2-e30ad3643aca.rna_seq.augmented_star_gene_counts.tsv	Transcriptome Profiling	Gene Expression Quantification	TCGA-BRCA	TCGA-D8-A1J9	TCGA-D8-A1J9-01A	Primary Tumor
515f8866-8744-44d8-9e4b-0e734d0c201b	c5d73777-b7f3-4107-9efc-afde92f70469.rna_seq.augmented_star_gene_counts.tsv	Transcriptome Profiling	Gene Expression Quantification	TCGA-BRCA	TCGA-LL-A7T0	TCGA-LL-A7T0-01A	Primary Tumor
4660cd29-08ac-452c-9bb8-10e9d9e906ab	45f837c9-6b9e-4eed-ba56-9715b4a0356d.rna_seq.augmented_star_gene_counts.tsv	Transcriptome Profiling	Gene Expression Quantification	TCGA-BRCA	TCGA-BH-A0BJ	TCGA-BH-A0BJ-01A	Primary Tumor
03a1a105-4856-4e5c-b537-508bdbda50b5	02bbe1b1-44ff-426b-a40e-47a01bc4cf7d.rna_seq.augmented_star_gene_counts.tsv	Transcriptome Profiling	Gene Expression Quantification	TCGA-BRCA	TCGA-EW-A3U0	TCGA-EW-A3U0-01A	Primary Tumor
11a64d0e-1dd1-471e-87bf-9e2a7fc13f09	4ba90a73-b2e0-415b-9cd2-fad805840aff.rna_seq.augmented_star_gene_counts.tsv	Transcriptome Profiling	Gene Expression Quantification	TCGA-BRCA	TCGA-E2-A159	TCGA-E2-A159-01A	Primary Tumor
5b92e1c6-6265-46b5-bcf7-0c0bafe6f390	74d50556-5de8-4eff-82e6-a3ad9c70020a.rna_seq.augmented_star_gene_counts.tsv	Transcriptome Profiling	Gene Expression Quantification	TCGA-BRCA	TCGA-A8-A08Z	TCGA-A8-A08Z-01A	Primary Tumor
4d0dcaac-cf91-4737-931d-f308fb20df9d	a0baf653-6f10-46fe-959c-54268fbc670e.rna_seq.augmented_star_gene_counts.tsv	Transcriptome Profiling	Gene Expression Quantification	TCGA-BRCA	TCGA-E2-A1BC	TCGA-E2-A1BC-01A	Primary Tumor
cd2dcf58-da3a-4070-b42f-07d0102a342e	24eddfec-08a0-48fa-bef3-a4b9bd740170.rna_seq.augmented_star_gene_counts.tsv	Transcriptome Profiling	Gene Expression Quantification	TCGA-BRCA	TCGA-EW-A1PG	TCGA-EW-A1PG-01A	Primary Tumor
d880fcce-ad8a-4402-911c-11129d2225df	d12c28eb-32c5-4523-af42-9ad130014a40.rna_seq.augmented_star_gene_counts.tsv	Transcriptome Profiling	Gene Expression Quantification	TCGA-BRCA	TCGA-D8-A27T	TCGA-D8-A27T-01A	Primary Tumor
269215ae-9040-4ac6-9d3d-017c0cbb2811	eb805bd1-e1d5-47b1-8bbd-31f91fcee225.rna_seq.augmented_star_gene_counts.tsv	Transcriptome Profiling	Gene Expression Quantification	TCGA-BRCA	TCGA-A2-A1G1	TCGA-A2-A1G1-01A	Primary Tumor
5064b439-81da-4ef3-b2de-bbca8d3a07e7	bcc561a3-5de8-4341-a5a6-13e19214b2b7.rna_seq.augmented_star_gene_counts.tsv	Transcriptome Profiling	Gene Expression Quantification	TCGA-BRCA	TCGA-JL-A3YX	TCGA-JL-A3YX-01A	Primary Tumor
aa2ab118-b3cc-4452-a29c-104f80f16f8d	752ec80f-0c1d-4c66-9927-a32f2f9dfb2a.rna_seq.augmented_star_gene_counts.tsv	Transcriptome Profiling	Gene Expression Quantification	TCGA-BRCA	TCGA-E2-A153	TCGA-E2-A153-01A	Primary Tumor
e8d97ce6-190e-4189-a148-5a8d9f4215c3	d244c9fe-f289-417a-af42-85591ef4fdc6.rna_seq.augmented_star_gene_counts.tsv	Transcriptome Profiling	Gene Expression Quantification	TCGA-BRCA	TCGA-C8-A26Y	TCGA-C8-A26Y-01A	Primary Tumor
0427af63-b665-4c57-874b-65222c200bfe	99296d22-e605-49cd-b37f-a1b900be5d53.rna_seq.augmented_star_gene_counts.tsv	Transcriptome Profiling	Gene Expression Quantification	TCGA-BRCA	TCGA-AQ-A04L	TCGA-AQ-A04L-01B	Primary Tumor
5461f36b-c2a2-4a6a-8b17-444c143655fc	df539d11-132f-4320-9365-14d529ae2186.rna_seq.augmented_star_gene_counts.tsv	Transcriptome Profiling	Gene Expression Quantification	TCGA-BRCA	TCGA-BH-A0C3	TCGA-BH-A0C3-01A	Primary Tumor
c4241ab5-95b7-4870-aaed-55541756c42f	a2b214c2-a5d4-4ce6-b505-e1438027236d.rna_seq.augmented_star_gene_counts.tsv	Transcriptome Profiling	Gene Expression Quantification	TCGA-BRCA	TCGA-A8-A08C	TCGA-A8-A08C-01A	Primary Tumor
31180222-da6e-4106-9b49-09be93d68138	7289e7d5-65af-4d53-a4de-2691991d90d6.rna_seq.augmented_star_gene_counts.tsv	Transcriptome Profiling	Gene Expression Quantification	TCGA-BRCA	TCGA-C8-A273	TCGA-C8-A273-01A	Primary Tumor
f69ca0e5-201f-4066-81a5-c5b9c8a5012c	23b39087-8003-4e5b-a1f8-b50b0919bcca.rna_seq.augmented_star_gene_counts.tsv	Transcriptome Profiling	Gene Expression Quantification	TCGA-BRCA	TCGA-AR-A1AN	TCGA-AR-A1AN-01A	Primary Tumor
87b59374-da2d-41ba-bbde-43a9022eac2c	eee9bac6-9fb4-4b3a-8b97-cebac861a00b.rna_seq.augmented_star_gene_counts.tsv	Transcriptome Profiling	Gene Expression Quantification	TCGA-BRCA	TCGA-A2-A0CK	TCGA-A2-A0CK-01A	Primary Tumor
e94ef671-995d-452b-bcbe-993e5b437a68	b29eda98-8a40-4c9f-ab41-7d6eded84d50.rna_seq.augmented_star_gene_counts.tsv	Transcriptome Profiling	Gene Expression Quantification	TCGA-BRCA	TCGA-AO-A0JG	TCGA-AO-A0JG-01A	Primary Tumor
c84958db-e7a3-4cd5-9b5e-a5435a86021d	9dd14de1-13c3-4586-8aad-1f3b0cb63de7.rna_seq.augmented_star_gene_counts.tsv	Transcriptome Profiling	Gene Expression Quantification	TCGA-BRCA	TCGA-BH-A1EO	TCGA-BH-A1EO-01A	Primary Tumor
e58f3dde-82f6-4a5d-9909-8f5659a26915	9bf53a64-2c24-4cf7-8419-f57b1936aa8c.rna_seq.augmented_star_gene_counts.tsv	Transcriptome Profiling	Gene Expression Quantification	TCGA-BRCA	TCGA-BH-A8G0	TCGA-BH-A8G0-01A	Primary Tumor
8c600781-5238-4b46-80bc-aa2710c1ed3f	c285a0ef-5076-4265-be61-98c064242718.rna_seq.augmented_star_gene_counts.tsv	Transcriptome Profiling	Gene Expression Quantification	TCGA-BRCA	TCGA-E9-A1RC	TCGA-E9-A1RC-01A	Primary Tumor
7140b89b-50b6-42ed-a69d-1cbc7901d530	071e21e7-a494-4d87-ab48-1cb334e0d992.rna_seq.augmented_star_gene_counts.tsv	Transcriptome Profiling	Gene Expression Quantification	TCGA-BRCA	TCGA-GM-A2DN	TCGA-GM-A2DN-01A	Primary Tumor
7be570ba-7f69-431e-88c2-614e92bc88ae	381e687e-c27d-4794-981b-7c3c596a0246.rna_seq.augmented_star_gene_counts.tsv	Transcriptome Profiling	Gene Expression Quantification	TCGA-BRCA	TCGA-AR-A24X	TCGA-AR-A24X-01A	Primary Tumor
1852f5d0-ce76-4f0d-87a7-0383f338c96b	de57eef8-932d-4e4f-a67d-835a87d72116.rna_seq.augmented_star_gene_counts.tsv	Transcriptome Profiling	Gene Expression Quantification	TCGA-BRCA	TCGA-B6-A0I1	TCGA-B6-A0I1-01A	Primary Tumor
a39defa6-87ec-4855-ab78-44f6b46152e1	bf2a1913-2806-4b97-bcc6-e7038b900e15.rna_seq.augmented_star_gene_counts.tsv	Transcriptome Profiling	Gene Expression Quantification	TCGA-BRCA	TCGA-D8-A1XF	TCGA-D8-A1XF-01A	Primary Tumor
416defdf-a4f7-4305-97ff-d3b3ebce672f	0dacd83e-7fab-4064-a25c-c1de66be5305.rna_seq.augmented_star_gene_counts.tsv	Transcriptome Profiling	Gene Expression Quantification	TCGA-BRCA	TCGA-AR-A251	TCGA-AR-A251-01A	Primary Tumor
06952c59-978d-4ef4-b716-c55dd6747699	e843a939-f1a2-4e98-87b5-69abef893a51.rna_seq.augmented_star_gene_counts.tsv	Transcriptome Profiling	Gene Expression Quantification	TCGA-BRCA	TCGA-A7-A13E	TCGA-A7-A13E-01B	Primary Tumor
cdd283b5-8dea-4736-859c-f1a2bbda57c2	d24c2f4f-5623-4d8e-99e6-96b4fee2591c.rna_seq.augmented_star_gene_counts.tsv	Transcriptome Profiling	Gene Expression Quantification	TCGA-BRCA	TCGA-D8-A1X7	TCGA-D8-A1X7-01A	Primary Tumor
97387357-c741-43a6-9b3a-55c925f9a516	6e79eeb3-9eae-45f4-92a5-fba71c154c1a.rna_seq.augmented_star_gene_counts.tsv	Transcriptome Profiling	Gene Expression Quantification	TCGA-BRCA	TCGA-D8-A1XJ	TCGA-D8-A1XJ-01A	Primary Tumor
c95a37a1-d3cd-421c-bc5f-0f8dc448f64c	ee6709eb-718c-4a0e-8b57-3068e0e0fbaf.rna_seq.augmented_star_gene_counts.tsv	Transcriptome Profiling	Gene Expression Quantification	TCGA-BRCA	TCGA-A2-A04P	TCGA-A2-A04P-01A	Primary Tumor
ac88a5c1-caae-4b08-87bc-0dedbe61d996	465928c5-ab56-46ff-acb5-76e36c97ebda.rna_seq.augmented_star_gene_counts.tsv	Transcriptome Profiling	Gene Expression Quantification	TCGA-BRCA	TCGA-D8-A27F	TCGA-D8-A27F-01A	Primary Tumor
e9fe2319-2624-4ac1-9c41-d0ac44608f02	04ed1bfb-533f-4d97-a7e4-3e7bab103485.rna_seq.augmented_star_gene_counts.tsv	Transcriptome Profiling	Gene Expression Quantification	TCGA-BRCA	TCGA-AN-A0FY	TCGA-AN-A0FY-01A	Primary Tumor
0e2a0a41-fc0f-40d0-a0e7-d3eecac3cfd7	80afd34a-fc20-46be-85c5-088951628194.rna_seq.augmented_star_gene_counts.tsv	Transcriptome Profiling	Gene Expression Quantification	TCGA-BRCA	TCGA-A7-A3IZ	TCGA-A7-A3IZ-01A	Primary Tumor
fc9fab5b-52f0-4c79-bdf3-750c650a0fdc	ea43014e-5b51-4b3c-b16b-6d58df9f4a1d.rna_seq.augmented_star_gene_counts.tsv	Transcriptome Profiling	Gene Expression Quantification	TCGA-BRCA	TCGA-A2-A3XY	TCGA-A2-A3XY-01A	Primary Tumor
9b03a281-22c7-4ad4-b1c8-ba7eed0e8c5b	6e8eeaae-cc26-4db8-85f6-5c975b06bf45.rna_seq.augmented_star_gene_counts.tsv	Transcriptome Profiling	Gene Expression Quantification	TCGA-BRCA	TCGA-E9-A22H	TCGA-E9-A22H-01A	Primary Tumor
afedbcf7-d427-4371-9c2a-f349b03de522	6e209f42-3c0f-4f05-83d7-c982448ccb87.rna_seq.augmented_star_gene_counts.tsv	Transcriptome Profiling	Gene Expression Quantification	TCGA-BRCA	TCGA-AO-A12E	TCGA-AO-A12E-01A	Primary Tumor
d5330be0-9f72-4be5-9139-8503aa4d00b4	0a133c47-fae8-4e3b-8f4d-cbf357f5e2fc.rna_seq.augmented_star_gene_counts.tsv	Transcriptome Profiling	Gene Expression Quantification	TCGA-BRCA	TCGA-A1-A0SI	TCGA-A1-A0SI-01A	Primary Tumor
c5baa506-f18b-42d8-bafd-4e9b85e1d390	54022a08-1016-45a7-ac33-5a40b4b5e6b3.rna_seq.augmented_star_gene_counts.tsv	Transcriptome Profiling	Gene Expression Quantification	TCGA-BRCA	TCGA-A2-A3Y0	TCGA-A2-A3Y0-01A	Primary Tumor
6c7f9fc6-3dba-4605-9f0c-d4f00095352f	4ee78309-dea3-486f-95a8-ca283a1b70d9.rna_seq.augmented_star_gene_counts.tsv	Transcriptome Profiling	Gene Expression Quantification	TCGA-BRCA	TCGA-BH-AB28	TCGA-BH-AB28-01A	Primary Tumor
7814e438-105f-4d5b-94fe-8c66e95585ea	cfbfbac5-7f44-4537-9a1c-088075a936e6.rna_seq.augmented_star_gene_counts.tsv	Transcriptome Profiling	Gene Expression Quantification	TCGA-BRCA	TCGA-AR-A24L	TCGA-AR-A24L-01A	Primary Tumor
37939d7d-074b-42b7-8d68-95a8afef4c38	41bdc474-8e6e-4f39-98ec-6d73ee41837c.rna_seq.augmented_star_gene_counts.tsv	Transcriptome Profiling	Gene Expression Quantification	TCGA-BRCA	TCGA-BH-A0B3	TCGA-BH-A0B3-01A	Primary Tumor
a73c6624-c462-4c25-94bf-58769257c6dc	34a0c8c5-8086-4f33-9ecb-7518035a4a7f.rna_seq.augmented_star_gene_counts.tsv	Transcriptome Profiling	Gene Expression Quantification	TCGA-BRCA	TCGA-A2-A0T6	TCGA-A2-A0T6-01A	Primary Tumor
4b558a24-b10c-4d59-a921-10e6a3a9fb35	3621ce2e-a1eb-4a45-ac06-779a780b0b99.rna_seq.augmented_star_gene_counts.tsv	Transcriptome Profiling	Gene Expression Quantification	TCGA-BRCA	TCGA-AR-A24Z	TCGA-AR-A24Z-01A	Primary Tumor
1737104f-367e-4098-a068-12f8ece492bf	b4a9422c-ed5b-435f-aa13-e8a8f2484e97.rna_seq.augmented_star_gene_counts.tsv	Transcriptome Profiling	Gene Expression Quantification	TCGA-BRCA	TCGA-B6-A0WZ	TCGA-B6-A0WZ-01A	Primary Tumor
7d1c40bf-6119-4f2b-bb33-3ba23546799f	b0a1f575-657f-4277-95dd-0e02e77279fe.rna_seq.augmented_star_gene_counts.tsv	Transcriptome Profiling	Gene Expression Quantification	TCGA-BRCA	TCGA-LD-A7W5	TCGA-LD-A7W5-01A	Primary Tumor
c1f6f39f-db8f-4449-bfb2-d1f3f2a95d22	d4bca8f9-f63e-43bb-ab6b-7529a86afac5.rna_seq.augmented_star_gene_counts.tsv	Transcriptome Profiling	Gene Expression Quantification	TCGA-BRCA	TCGA-AR-A1AW	TCGA-AR-A1AW-01A	Primary Tumor
d923e06d-c747-419d-bd40-b05eb3e13edb	914508e1-ccc8-47ff-a225-7aca326a54dd.rna_seq.augmented_star_gene_counts.tsv	Transcriptome Profiling	Gene Expression Quantification	TCGA-BRCA	TCGA-E2-A15P	TCGA-E2-A15P-01A	Primary Tumor
83eeba96-e3dc-44a3-846c-43dcc2ff9806	631a9df0-9d81-4b15-9ee6-3ae9f31dcba6.rna_seq.augmented_star_gene_counts.tsv	Transcriptome Profiling	Gene Expression Quantification	TCGA-BRCA	TCGA-AO-A0JL	TCGA-AO-A0JL-01A	Primary Tumor
8d87fbd5-8ca7-4ff6-b8b1-79f098dbca9f	bc1ed706-3abf-407c-9133-18169a4cf0e2.rna_seq.augmented_star_gene_counts.tsv	Transcriptome Profiling	Gene Expression Quantification	TCGA-BRCA	TCGA-A2-A0EW	TCGA-A2-A0EW-01A	Primary Tumor
69bb06b6-74b3-441b-82d7-c6783aa88cdd	b44d9209-0e37-4ffe-9c27-a969a421b3ab.rna_seq.augmented_star_gene_counts.tsv	Transcriptome Profiling	Gene Expression Quantification	TCGA-BRCA	TCGA-BH-A0DO	TCGA-BH-A0DO-01B	Primary Tumor
398fa6bf-78af-473b-8f2c-a2b3b605131f	a852a227-c31f-410f-baee-81135917a7d2.rna_seq.augmented_star_gene_counts.tsv	Transcriptome Profiling	Gene Expression Quantification	TCGA-BRCA	TCGA-AR-A256	TCGA-AR-A256-01A	Primary Tumor
12959673-a8ec-4223-a5fe-0648276db5fc	ba2e1bd2-56f5-4dfb-94b5-92c50c58b31e.rna_seq.augmented_star_gene_counts.tsv	Transcriptome Profiling	Gene Expression Quantification	TCGA-BRCA	TCGA-AR-A24P	TCGA-AR-A24P-01A	Primary Tumor
f3746445-b2d0-4455-a6c0-46562188c056	d89a84a4-4f45-4aab-ab6a-131bf3b359bd.rna_seq.augmented_star_gene_counts.tsv	Transcriptome Profiling	Gene Expression Quantification	TCGA-BRCA	TCGA-E9-A243	TCGA-E9-A243-01A	Primary Tumor
03891509-3109-450d-8564-77b024a6128e	75668632-f0c7-495b-ba34-cd4b00aa9450.rna_seq.augmented_star_gene_counts.tsv	Transcriptome Profiling	Gene Expression Quantification	TCGA-BRCA	TCGA-E2-A10E	TCGA-E2-A10E-01A	Primary Tumor
d80334e2-0ee0-432a-aa78-3d6ca1f017e5	87e5aef9-f493-4e46-bb5b-7cd18d5e30fc.rna_seq.augmented_star_gene_counts.tsv	Transcriptome Profiling	Gene Expression Quantification	TCGA-BRCA	TCGA-C8-A8HR	TCGA-C8-A8HR-01A	Primary Tumor
39b28d5e-fc51-4dfc-bcbe-0285c3bad830	3129e1d1-9844-4df4-b30e-29b1c438983b.rna_seq.augmented_star_gene_counts.tsv	Transcriptome Profiling	Gene Expression Quantification	TCGA-BRCA	TCGA-BH-A0DG	TCGA-BH-A0DG-01A	Primary Tumor
ab06e3b7-52ef-45e4-8fc6-dbb4f63b110e	3daf8160-42c5-41bf-b251-77fce23a4aab.rna_seq.augmented_star_gene_counts.tsv	Transcriptome Profiling	Gene Expression Quantification	TCGA-BRCA	TCGA-BH-A1FN	TCGA-BH-A1FN-01A	Primary Tumor
87b7171a-7340-4e1e-849b-c52351f23ab0	43c4bdc2-b3fc-4fb0-9f11-f45394c4256b.rna_seq.augmented_star_gene_counts.tsv	Transcriptome Profiling	Gene Expression Quantification	TCGA-BRCA	TCGA-A7-A4SE	TCGA-A7-A4SE-01A	Primary Tumor
519039a7-141e-4367-a6eb-e9307136daf3	4b9da1a6-923c-4bc8-922a-620ac43e6f9b.rna_seq.augmented_star_gene_counts.tsv	Transcriptome Profiling	Gene Expression Quantification	TCGA-BRCA	TCGA-BH-A0HB	TCGA-BH-A0HB-01A	Primary Tumor
4f89dad8-a12e-47d2-a7d9-c1b90f1bd61b	99f6995f-acee-4d0d-889f-91b0631d15fe.rna_seq.augmented_star_gene_counts.tsv	Transcriptome Profiling	Gene Expression Quantification	TCGA-BRCA	TCGA-D8-A1JN	TCGA-D8-A1JN-01A	Primary Tumor
20110ed9-8b45-4a62-bd13-e0281915a06b	c6151c87-ab96-49c3-a250-b56211cd20e5.rna_seq.augmented_star_gene_counts.tsv	Transcriptome Profiling	Gene Expression Quantification	TCGA-BRCA	TCGA-D8-A1JS	TCGA-D8-A1JS-01A	Primary Tumor
59858555-bc6a-4286-8280-0f8341123cac	deba354e-fcc8-4a00-aa1b-63afc9cf2861.rna_seq.augmented_star_gene_counts.tsv	Transcriptome Profiling	Gene Expression Quantification	TCGA-BRCA	TCGA-AR-A1AH	TCGA-AR-A1AH-01A	Primary Tumor
0c3ddae2-366f-4b21-ab46-a2cfe1963e42	0ef46de9-c9e7-42f0-92bf-c17dc2ede102.rna_seq.augmented_star_gene_counts.tsv	Transcriptome Profiling	Gene Expression Quantification	TCGA-BRCA	TCGA-A2-A1G6	TCGA-A2-A1G6-01A	Primary Tumor
0682b5b9-8529-4152-b6f9-1a13180eedee	d5066dc8-74bb-415a-84aa-9f74b61faa20.rna_seq.augmented_star_gene_counts.tsv	Transcriptome Profiling	Gene Expression Quantification	TCGA-BRCA	TCGA-D8-A3Z6	TCGA-D8-A3Z6-01A	Primary Tumor
f6392b6f-24d9-4768-8269-c7c647f8ff8c	0e062eef-29b8-4622-afd9-0d3f0d1c37d6.rna_seq.augmented_star_gene_counts.tsv	Transcriptome Profiling	Gene Expression Quantification	TCGA-BRCA	TCGA-A2-A0YH	TCGA-A2-A0YH-01A	Primary Tumor
683e004b-7992-4250-a94b-c355c45725d2	50108c12-718c-48fc-8f76-23ce0c13e2e6.rna_seq.augmented_star_gene_counts.tsv	Transcriptome Profiling	Gene Expression Quantification	TCGA-BRCA	TCGA-BH-A0DL	TCGA-BH-A0DL-01A	Primary Tumor
89fa8a0c-e046-4fbf-97c5-4ed5cc4e5e4c	68a74e5b-649e-4568-8616-d2292a4eca19.rna_seq.augmented_star_gene_counts.tsv	Transcriptome Profiling	Gene Expression Quantification	TCGA-BRCA	TCGA-A7-A5ZV	TCGA-A7-A5ZV-01A	Primary Tumor
b5f2a171-35a3-4b7f-9221-199c589f3147	6d1979a2-956e-42d3-a192-01d872e36d22.rna_seq.augmented_star_gene_counts.tsv	Transcriptome Profiling	Gene Expression Quantification	TCGA-BRCA	TCGA-E2-A15G	TCGA-E2-A15G-01A	Primary Tumor
3a0c96d3-4cea-44a3-99e5-71622279700f	1bc678a3-1850-4ab6-874b-d68992fddc7b.rna_seq.augmented_star_gene_counts.tsv	Transcriptome Profiling	Gene Expression Quantification	TCGA-BRCA	TCGA-BH-A0HW	TCGA-BH-A0HW-01A	Primary Tumor
5039a492-4dc7-4191-9edd-187cb181da2d	0cf58c62-a75d-413b-8ce3-4d90f4688b04.rna_seq.augmented_star_gene_counts.tsv	Transcriptome Profiling	Gene Expression Quantification	TCGA-BRCA	TCGA-D8-A1JB	TCGA-D8-A1JB-01A	Primary Tumor
e38111a3-54f9-4229-8803-fc74e0c12c55	d77c2ca5-196a-4426-84e4-0ffa4a3667ef.rna_seq.augmented_star_gene_counts.tsv	Transcriptome Profiling	Gene Expression Quantification	TCGA-BRCA	TCGA-A1-A0SM	TCGA-A1-A0SM-01A	Primary Tumor
27aab1a6-96af-4dc1-b9ce-4690ead0d355	39eaa466-f50c-402e-b127-b6b016d0480d.rna_seq.augmented_star_gene_counts.tsv	Transcriptome Profiling	Gene Expression Quantification	TCGA-BRCA	TCGA-A8-A075	TCGA-A8-A075-01A	Primary Tumor
6bd03014-d3b8-4cac-929b-af970321ae1f	8923da54-2f7c-4315-9fc2-a1d6502df55b.rna_seq.augmented_star_gene_counts.tsv	Transcriptome Profiling	Gene Expression Quantification	TCGA-BRCA	TCGA-A2-A0T7	TCGA-A2-A0T7-01A	Primary Tumor
309dcac2-7efa-467c-9dc7-222c130b0fec	d29744c4-3aa3-44b2-83fb-0e74ba697cd9.rna_seq.augmented_star_gene_counts.tsv	Transcriptome Profiling	Gene Expression Quantification	TCGA-BRCA	TCGA-E2-A15M	TCGA-E2-A15M-01A	Primary Tumor
8256e097-4476-4906-a5c5-c9da288a363a	1a112735-ff30-4c94-953f-444ccad2afe2.rna_seq.augmented_star_gene_counts.tsv	Transcriptome Profiling	Gene Expression Quantification	TCGA-BRCA	TCGA-B6-A0RP	TCGA-B6-A0RP-01A	Primary Tumor
bb1ee078-38d1-4e5d-af50-50754fce7112	2553a422-8136-4fb9-95af-3ffafff2d223.rna_seq.augmented_star_gene_counts.tsv	Transcriptome Profiling	Gene Expression Quantification	TCGA-BRCA	TCGA-BH-A6R9	TCGA-BH-A6R9-01A	Primary Tumor
4ad2cbb3-5bca-462b-af1f-8a292c317722	e8909d26-a289-4dc7-a819-5883c621efac.rna_seq.augmented_star_gene_counts.tsv	Transcriptome Profiling	Gene Expression Quantification	TCGA-BRCA	TCGA-GM-A2DH	TCGA-GM-A2DH-01A	Primary Tumor
f55dbdb1-0301-4000-a854-717aed117a63	45312cc1-6a70-441f-9711-85dcc224bb98.rna_seq.augmented_star_gene_counts.tsv	Transcriptome Profiling	Gene Expression Quantification	TCGA-BRCA	TCGA-A2-A4RY	TCGA-A2-A4RY-01A	Primary Tumor
0a06329d-82cd-41a9-822e-43cfd49e63a2	a7b067c9-a62a-4d3d-8c4e-668830f7441f.rna_seq.augmented_star_gene_counts.tsv	Transcriptome Profiling	Gene Expression Quantification	TCGA-BRCA	TCGA-A8-A082	TCGA-A8-A082-01A	Primary Tumor
65264188-23f8-4214-a45a-574f47471bb3	d5926b71-692e-4b6f-a7e1-8b5afdd745c6.rna_seq.augmented_star_gene_counts.tsv	Transcriptome Profiling	Gene Expression Quantification	TCGA-BRCA	TCGA-AC-A8OR	TCGA-AC-A8OR-01A	Primary Tumor
3ecfecef-4180-4b7a-8d9a-5532b47ef500	c2fe2d79-efb1-4e4d-a297-bd6b15703d10.rna_seq.augmented_star_gene_counts.tsv	Transcriptome Profiling	Gene Expression Quantification	TCGA-BRCA	TCGA-D8-A145	TCGA-D8-A145-01A	Primary Tumor
c25c7ca5-8d03-4bba-b42b-c8b1042c0d48	fac3e41a-3b98-4293-855f-d23cb01522d0.rna_seq.augmented_star_gene_counts.tsv	Transcriptome Profiling	Gene Expression Quantification	TCGA-BRCA	TCGA-OK-A5Q2	TCGA-OK-A5Q2-01A	Primary Tumor
d6882616-b77d-4d4c-90dc-7318c57876e1	4e01a01d-eded-4d02-b8aa-1920c6997726.rna_seq.augmented_star_gene_counts.tsv	Transcriptome Profiling	Gene Expression Quantification	TCGA-BRCA	TCGA-AO-A12F	TCGA-AO-A12F-01A	Primary Tumor
d1237195-a00b-4c52-86b3-4627c42eb14c	b7c49a13-6b0f-411a-940e-b35c17818aaa.rna_seq.augmented_star_gene_counts.tsv	Transcriptome Profiling	Gene Expression Quantification	TCGA-BRCA	TCGA-A8-A07O	TCGA-A8-A07O-01A	Primary Tumor
8c6fa126-82a0-4290-a657-8466959585c4	7db191ab-6106-4e39-a45e-8a68aaba0922.rna_seq.augmented_star_gene_counts.tsv	Transcriptome Profiling	Gene Expression Quantification	TCGA-BRCA	TCGA-A2-A1FV	TCGA-A2-A1FV-01A	Primary Tumor
f35ae5c7-6e88-410d-b86f-c5bdae11a5f4	222dd9b5-4187-45b9-8cb1-fd16ba14425b.rna_seq.augmented_star_gene_counts.tsv	Transcriptome Profiling	Gene Expression Quantification	TCGA-BRCA	TCGA-C8-A275	TCGA-C8-A275-01A	Primary Tumor
e21262db-a694-4461-b1b0-e52c0891113a	04de1f79-fdfc-4662-bab2-a3ed667c7dea.rna_seq.augmented_star_gene_counts.tsv	Transcriptome Profiling	Gene Expression Quantification	TCGA-BRCA	TCGA-A2-A0CS	TCGA-A2-A0CS-01A	Primary Tumor
017d71aa-0999-4d8e-9cb4-88b9013e61eb	c6683fc6-49f4-4e53-94ac-251799c2c638.rna_seq.augmented_star_gene_counts.tsv	Transcriptome Profiling	Gene Expression Quantification	TCGA-BRCA	TCGA-AR-A0TU	TCGA-AR-A0TU-01A	Primary Tumor
e2b3728b-9827-4a13-b52c-caabd58f902e	b4b81763-61bc-469b-a048-eba733193262.rna_seq.augmented_star_gene_counts.tsv	Transcriptome Profiling	Gene Expression Quantification	TCGA-BRCA	TCGA-B6-A401	TCGA-B6-A401-01A	Primary Tumor
4770b9a3-d68c-4dba-ad0b-6400209a356d	bb78dcbc-a8cf-4a78-bba4-3979e9a9e715.rna_seq.augmented_star_gene_counts.tsv	Transcriptome Profiling	Gene Expression Quantification	TCGA-UCEC	TCGA-FL-A1YG	TCGA-FL-A1YG-11A	Solid Tissue Normal
4a31825d-a493-4a34-acb6-f9ec9889a703	5ed8be3b-f966-4974-8920-344a1c3687e5.rna_seq.augmented_star_gene_counts.tsv	Transcriptome Profiling	Gene Expression Quantification	TCGA-UCEC	TCGA-FL-A3WE	TCGA-FL-A3WE-11A	Solid Tissue Normal
492c76bc-d62e-4cd2-9c33-763dbccb553e	12f84876-ebc4-4d39-bd44-3a73cbb82650.rna_seq.augmented_star_gene_counts.tsv	Transcriptome Profiling	Gene Expression Quantification	TCGA-UCEC	TCGA-FL-A1YI	TCGA-FL-A1YI-11A	Solid Tissue Normal
62e32fe8-61a1-44a3-a8e8-0ef3f4f5fd89	e123d08f-fa8d-470a-999d-174f5c0dc04a.rna_seq.augmented_star_gene_counts.tsv	Transcriptome Profiling	Gene Expression Quantification	TCGA-UCEC	TCGA-FL-A1YT	TCGA-FL-A1YT-11A	Solid Tissue Normal
ed2fd464-0242-46d0-a8ee-e444a7c4d23d	bd4fa75d-d413-419e-b203-ee7b3df1d1f4.rna_seq.augmented_star_gene_counts.tsv	Transcriptome Profiling	Gene Expression Quantification	TCGA-UCEC	TCGA-AX-A1CF	TCGA-AX-A1CF-11A	Solid Tissue Normal
80d3ae61-1fac-479b-9c79-87f77d82b17b	82b4d7fc-0753-4201-927a-4a8e8ad974bc.rna_seq.augmented_star_gene_counts.tsv	Transcriptome Profiling	Gene Expression Quantification	TCGA-UCEC	TCGA-FL-A1YH	TCGA-FL-A1YH-11A	Solid Tissue Normal
b3e68247-9491-4ed9-bea8-65083ba03014	4092345f-2795-4070-a761-79e45419e6e2.rna_seq.augmented_star_gene_counts.tsv	Transcriptome Profiling	Gene Expression Quantification	TCGA-UCEC	TCGA-FL-A1YU	TCGA-FL-A1YU-11A	Solid Tissue Normal
